12461	gemini_archive_reconstruction/takeout_2026-09-24/extracted/Takeout/My Activity/Gemini Apps/ Braided mind v 3.5 references pa-8788e3d9bf527795
837212	gemini_archive_reconstruction/takeout_2026-09-24/extracted/Takeout/My Activity/Gemini Apps/002bd2f3-cb85-4d5d-bf6d-7c47f7d06-28a96e4d66503351.wav
230780	gemini_archive_reconstruction/takeout_2026-09-24/extracted/Takeout/My Activity/Gemini Apps/0074da1c-d06b-4615-8fb4-78a245064-44117800a6335dd3.jpg
281862	gemini_archive_reconstruction/takeout_2026-09-24/extracted/Takeout/My Activity/Gemini Apps/0179f3d0-ce7d-424a-a47d-15f38defb-5efa3d7124c71839.zip
1287900	gemini_archive_reconstruction/takeout_2026-09-24/extracted/Takeout/My Activity/Gemini Apps/0306d6cc-92c3-401c-8c03-f4dc1e9a4-de9c1850fd9e3b03.wav
149804	gemini_archive_reconstruction/takeout_2026-09-24/extracted/Takeout/My Activity/Gemini Apps/046b63dc-db53-4c76-ba34-54e8a38df-dd1299db331a053e.wav
1572956	gemini_archive_reconstruction/takeout_2026-09-24/extracted/Takeout/My Activity/Gemini Apps/04c89865-de21-4f6a-b604-2ac729511-84c46c798c5695e3.wav
433196	gemini_archive_reconstruction/takeout_2026-09-24/extracted/Takeout/My Activity/Gemini Apps/050829f0-ed3a-4738-b9ae-cb716d562-88a295d2232a3319.wav
225383	gemini_archive_reconstruction/takeout_2026-09-24/extracted/Takeout/My Activity/Gemini Apps/052a494f-d80f-4962-97ab-39da736ef-846c006c1cda398d.jpg
822492	gemini_archive_reconstruction/takeout_2026-09-24/extracted/Takeout/My Activity/Gemini Apps/06aa1367-ac93-46e8-9751-be44bfb68-53d580bf614e2bab.wav
396504	gemini_archive_reconstruction/takeout_2026-09-24/extracted/Takeout/My Activity/Gemini Apps/06bba2d2-956d-4b53-9f14-691ab0c50-731cb9751d1354ce.zip
225304	gemini_archive_reconstruction/takeout_2026-09-24/extracted/Takeout/My Activity/Gemini Apps/06f1fd62-fd81-48b8-84ad-1b6f84eec-1c9c6450729bf655.jpg
440876	gemini_archive_reconstruction/takeout_2026-09-24/extracted/Takeout/My Activity/Gemini Apps/073ad876-4855-4d65-ba6a-9ec494f4a-1a08f28535fbb55c.wav
1809500	gemini_archive_reconstruction/takeout_2026-09-24/extracted/Takeout/My Activity/Gemini Apps/0740257f-6483-453b-bcf2-afda81f61-4d69b4ce1faf6b08.wav
460844	gemini_archive_reconstruction/takeout_2026-09-24/extracted/Takeout/My Activity/Gemini Apps/07e2d1d6-e425-4f31-812a-38a927a3d-1129008058d8fe01.wav
715036	gemini_archive_reconstruction/takeout_2026-09-24/extracted/Takeout/My Activity/Gemini Apps/094cc445-6b62-46d4-b9ea-91661739b-67648f4ebab7426e.wav
89132	gemini_archive_reconstruction/takeout_2026-09-24/extracted/Takeout/My Activity/Gemini Apps/09f3da41-f328-449e-ab25-b4f70a4cb-a15176fc549ad729.wav
472796	gemini_archive_reconstruction/takeout_2026-09-24/extracted/Takeout/My Activity/Gemini Apps/0b60cb52-3619-4d87-a937-3f45a58f1-f0a79425751c6a90.wav
1104092	gemini_archive_reconstruction/takeout_2026-09-24/extracted/Takeout/My Activity/Gemini Apps/0ba7a131-5556-41da-8708-98638f598-8908c7341e76c99b.wav
760796	gemini_archive_reconstruction/takeout_2026-09-24/extracted/Takeout/My Activity/Gemini Apps/0bb71171-687c-4ee0-99ca-4199af8b2-d5534e2efed6cddb.wav
496684	gemini_archive_reconstruction/takeout_2026-09-24/extracted/Takeout/My Activity/Gemini Apps/0c53a692-6471-4bba-965e-88adaafe0-570d69cedafe03d0.wav
474924	gemini_archive_reconstruction/takeout_2026-09-24/extracted/Takeout/My Activity/Gemini Apps/0ce34b2c-0151-4f51-9221-a4cbc04dd-b7ce95e656eec0a0.wav
64602	gemini_archive_reconstruction/takeout_2026-09-24/extracted/Takeout/My Activity/Gemini Apps/1000002005-269cdb441a3d6002.png
90878	gemini_archive_reconstruction/takeout_2026-09-24/extracted/Takeout/My Activity/Gemini Apps/1000002051-e4be1afdf636756e.png
130173	gemini_archive_reconstruction/takeout_2026-09-24/extracted/Takeout/My Activity/Gemini Apps/1000003170-48950352d34d2548.png
1676891	gemini_archive_reconstruction/takeout_2026-09-24/extracted/Takeout/My Activity/Gemini Apps/10455686496055280366-82498629cc3ed13c.png
1299752	gemini_archive_reconstruction/takeout_2026-09-24/extracted/Takeout/My Activity/Gemini Apps/10470317273117796623-3ccf5c2a8898d1fe.png
732969	gemini_archive_reconstruction/takeout_2026-09-24/extracted/Takeout/My Activity/Gemini Apps/112dc50d-3b18-4b11-8213-72f33d0e2-655fbe3280ed27ef.zip
137996	gemini_archive_reconstruction/takeout_2026-09-24/extracted/Takeout/My Activity/Gemini Apps/1141-3091ad8b3980192d.png
116463	gemini_archive_reconstruction/takeout_2026-09-24/extracted/Takeout/My Activity/Gemini Apps/1142-3091ad8b3980192d.png
92549	gemini_archive_reconstruction/takeout_2026-09-24/extracted/Takeout/My Activity/Gemini Apps/1143-3091ad8b3980192d.png
95208	gemini_archive_reconstruction/takeout_2026-09-24/extracted/Takeout/My Activity/Gemini Apps/1144-3091ad8b3980192d.png
77809	gemini_archive_reconstruction/takeout_2026-09-24/extracted/Takeout/My Activity/Gemini Apps/1146-95d57beec5ccaf71.png
79383	gemini_archive_reconstruction/takeout_2026-09-24/extracted/Takeout/My Activity/Gemini Apps/1148-95d57beec5ccaf71.png
70300	gemini_archive_reconstruction/takeout_2026-09-24/extracted/Takeout/My Activity/Gemini Apps/1150-95d57beec5ccaf71.png
85193	gemini_archive_reconstruction/takeout_2026-09-24/extracted/Takeout/My Activity/Gemini Apps/1152-95d57beec5ccaf71.png
98927	gemini_archive_reconstruction/takeout_2026-09-24/extracted/Takeout/My Activity/Gemini Apps/1154-95d57beec5ccaf71.png
75865	gemini_archive_reconstruction/takeout_2026-09-24/extracted/Takeout/My Activity/Gemini Apps/1156-95d57beec5ccaf71.png
1813359	gemini_archive_reconstruction/takeout_2026-09-24/extracted/Takeout/My Activity/Gemini Apps/11976060301775349593-885d3af1d1f2e813.jpg
1621033	gemini_archive_reconstruction/takeout_2026-09-24/extracted/Takeout/My Activity/Gemini Apps/1231-4d2b129f56a25d19.png
1623746	gemini_archive_reconstruction/takeout_2026-09-24/extracted/Takeout/My Activity/Gemini Apps/12347617301523269530-e846e89765c495c4.png
2346462	gemini_archive_reconstruction/takeout_2026-09-24/extracted/Takeout/My Activity/Gemini Apps/12406881758672418012-56c0916d098a3ca6.jpg
3097069	gemini_archive_reconstruction/takeout_2026-09-24/extracted/Takeout/My Activity/Gemini Apps/12449384397752873783-6af2798de6e42b97.png
149036	gemini_archive_reconstruction/takeout_2026-09-24/extracted/Takeout/My Activity/Gemini Apps/124749db-f2ea-4263-abd6-11b7a67ae-0f4cb1371d130a9f.wav
1298057	gemini_archive_reconstruction/takeout_2026-09-24/extracted/Takeout/My Activity/Gemini Apps/12645339515724826401-863ffa9ae680ba03.png
305964	gemini_archive_reconstruction/takeout_2026-09-24/extracted/Takeout/My Activity/Gemini Apps/131fa8da-9a98-4359-b4bb-5d7d46858-877af9b8f8a4dff1.wav
2006250	gemini_archive_reconstruction/takeout_2026-09-24/extracted/Takeout/My Activity/Gemini Apps/13528484827979990864-3b5ea779969a6c34.png
185897	gemini_archive_reconstruction/takeout_2026-09-24/extracted/Takeout/My Activity/Gemini Apps/1377-19acb694f72799de.jpg
2434588	gemini_archive_reconstruction/takeout_2026-09-24/extracted/Takeout/My Activity/Gemini Apps/14008344227367742622-36f1c5c4bae7b5de.png
2021877	gemini_archive_reconstruction/takeout_2026-09-24/extracted/Takeout/My Activity/Gemini Apps/1403-aba8cffbd2fd930e.png
1300532	gemini_archive_reconstruction/takeout_2026-09-24/extracted/Takeout/My Activity/Gemini Apps/14170682610916353082-19acb694f72799de.png
422236	gemini_archive_reconstruction/takeout_2026-09-24/extracted/Takeout/My Activity/Gemini Apps/1450bbd1-2818-46f4-95b3-311021de2-90f464c400f076b4.wav
433196	gemini_archive_reconstruction/takeout_2026-09-24/extracted/Takeout/My Activity/Gemini Apps/14d969a0-36d6-401b-8c27-bb30acba0-a496bfbba33553f9.wav
57096	gemini_archive_reconstruction/takeout_2026-09-24/extracted/Takeout/My Activity/Gemini Apps/1510-90f60085acc3c37a.png
62786	gemini_archive_reconstruction/takeout_2026-09-24/extracted/Takeout/My Activity/Gemini Apps/1511-90f60085acc3c37a.png
58328	gemini_archive_reconstruction/takeout_2026-09-24/extracted/Takeout/My Activity/Gemini Apps/1512-90f60085acc3c37a.png
55589	gemini_archive_reconstruction/takeout_2026-09-24/extracted/Takeout/My Activity/Gemini Apps/1513-90f60085acc3c37a.png
55562	gemini_archive_reconstruction/takeout_2026-09-24/extracted/Takeout/My Activity/Gemini Apps/1514-90f60085acc3c37a.png
178665	gemini_archive_reconstruction/takeout_2026-09-24/extracted/Takeout/My Activity/Gemini Apps/1541-8ff7710d27da323e.jpg
1298949	gemini_archive_reconstruction/takeout_2026-09-24/extracted/Takeout/My Activity/Gemini Apps/15420392949976941189-e6bcdce2563ac781.png
45044	gemini_archive_reconstruction/takeout_2026-09-24/extracted/Takeout/My Activity/Gemini Apps/1578-acaab807d3919f54.png
54742	gemini_archive_reconstruction/takeout_2026-09-24/extracted/Takeout/My Activity/Gemini Apps/1579-acaab807d3919f54.png
46560	gemini_archive_reconstruction/takeout_2026-09-24/extracted/Takeout/My Activity/Gemini Apps/1580-acaab807d3919f54.png
40966	gemini_archive_reconstruction/takeout_2026-09-24/extracted/Takeout/My Activity/Gemini Apps/1581-acaab807d3919f54.png
59671	gemini_archive_reconstruction/takeout_2026-09-24/extracted/Takeout/My Activity/Gemini Apps/1582-acaab807d3919f54.png
1346829	gemini_archive_reconstruction/takeout_2026-09-24/extracted/Takeout/My Activity/Gemini Apps/1583-2a34f47d06335a15.png
1346829	gemini_archive_reconstruction/takeout_2026-09-24/extracted/Takeout/My Activity/Gemini Apps/1583-30528b0497306847.png
1346829	gemini_archive_reconstruction/takeout_2026-09-24/extracted/Takeout/My Activity/Gemini Apps/1583-58c1ab12bd390906.png
1346829	gemini_archive_reconstruction/takeout_2026-09-24/extracted/Takeout/My Activity/Gemini Apps/1583-f8a2a765fa2e88c5.png
1466634	gemini_archive_reconstruction/takeout_2026-09-24/extracted/Takeout/My Activity/Gemini Apps/1584-32ce31a52e7575e0.png
1466634	gemini_archive_reconstruction/takeout_2026-09-24/extracted/Takeout/My Activity/Gemini Apps/1584-fb9709e0b4ad9003.png
1261335	gemini_archive_reconstruction/takeout_2026-09-24/extracted/Takeout/My Activity/Gemini Apps/1585-167d86083aa642ad.png
1261335	gemini_archive_reconstruction/takeout_2026-09-24/extracted/Takeout/My Activity/Gemini Apps/1585-56445a2204be236f.png
1444981	gemini_archive_reconstruction/takeout_2026-09-24/extracted/Takeout/My Activity/Gemini Apps/1586-fb9709e0b4ad9003.png
1357326	gemini_archive_reconstruction/takeout_2026-09-24/extracted/Takeout/My Activity/Gemini Apps/1587-2a34f47d06335a15.png
1357326	gemini_archive_reconstruction/takeout_2026-09-24/extracted/Takeout/My Activity/Gemini Apps/1587-c2102fd7a2d96bcd.png
1296206	gemini_archive_reconstruction/takeout_2026-09-24/extracted/Takeout/My Activity/Gemini Apps/1588-2a34f47d06335a15.png
1296206	gemini_archive_reconstruction/takeout_2026-09-24/extracted/Takeout/My Activity/Gemini Apps/1588-bdd650db40ca4fb7.png
1294781	gemini_archive_reconstruction/takeout_2026-09-24/extracted/Takeout/My Activity/Gemini Apps/1589-2a34f47d06335a15.png
1257491	gemini_archive_reconstruction/takeout_2026-09-24/extracted/Takeout/My Activity/Gemini Apps/1590-167d86083aa642ad.png
1257491	gemini_archive_reconstruction/takeout_2026-09-24/extracted/Takeout/My Activity/Gemini Apps/1590-7a6fbe1caeae6702.png
2118035	gemini_archive_reconstruction/takeout_2026-09-24/extracted/Takeout/My Activity/Gemini Apps/1592-167d86083aa642ad.png
2115808	gemini_archive_reconstruction/takeout_2026-09-24/extracted/Takeout/My Activity/Gemini Apps/1593-30528b0497306847.png
1864436	gemini_archive_reconstruction/takeout_2026-09-24/extracted/Takeout/My Activity/Gemini Apps/1594-a2c8b3dc65d16671.png
1864436	gemini_archive_reconstruction/takeout_2026-09-24/extracted/Takeout/My Activity/Gemini Apps/1594-fb9709e0b4ad9003.png
1625374	gemini_archive_reconstruction/takeout_2026-09-24/extracted/Takeout/My Activity/Gemini Apps/1595-51c3c60a669a8073.png
1898620	gemini_archive_reconstruction/takeout_2026-09-24/extracted/Takeout/My Activity/Gemini Apps/1599-27885305b0c474bc.png
1550489	gemini_archive_reconstruction/takeout_2026-09-24/extracted/Takeout/My Activity/Gemini Apps/1600-51c3c60a669a8073.png
1574106	gemini_archive_reconstruction/takeout_2026-09-24/extracted/Takeout/My Activity/Gemini Apps/1601-5f1b817455d7ecfb.png
1866254	gemini_archive_reconstruction/takeout_2026-09-24/extracted/Takeout/My Activity/Gemini Apps/1602-51c3c60a669a8073.png
57180	gemini_archive_reconstruction/takeout_2026-09-24/extracted/Takeout/My Activity/Gemini Apps/1607-e1fee38c41838ce2.png
62927	gemini_archive_reconstruction/takeout_2026-09-24/extracted/Takeout/My Activity/Gemini Apps/1608-e1fee38c41838ce2.png
1875904	gemini_archive_reconstruction/takeout_2026-09-24/extracted/Takeout/My Activity/Gemini Apps/1631-34b2dc9292ff8799.png
1918959	gemini_archive_reconstruction/takeout_2026-09-24/extracted/Takeout/My Activity/Gemini Apps/1632-9374bd77f0e179a7.png
2656803	gemini_archive_reconstruction/takeout_2026-09-24/extracted/Takeout/My Activity/Gemini Apps/16378135927498867937-b18e2c824fed4858.png
1138076	gemini_archive_reconstruction/takeout_2026-09-24/extracted/Takeout/My Activity/Gemini Apps/163cca08-e61b-4861-9367-ac3d92a9c-f5c8b3ed88350ef2.zip
1328542	gemini_archive_reconstruction/takeout_2026-09-24/extracted/Takeout/My Activity/Gemini Apps/16457012959224655659-e6bcdce2563ac781.png
1590492	gemini_archive_reconstruction/takeout_2026-09-24/extracted/Takeout/My Activity/Gemini Apps/16489f78-87db-49a5-a0ae-b4425381a-dd12349cab3ff6a0.wav
545798	gemini_archive_reconstruction/takeout_2026-09-24/extracted/Takeout/My Activity/Gemini Apps/1688-f74e4f8b11987cfd.jpg
104435	gemini_archive_reconstruction/takeout_2026-09-24/extracted/Takeout/My Activity/Gemini Apps/1701-fbe5539996da56b6.png
72691	gemini_archive_reconstruction/takeout_2026-09-24/extracted/Takeout/My Activity/Gemini Apps/1702-32c17f2165214004.png
47619	gemini_archive_reconstruction/takeout_2026-09-24/extracted/Takeout/My Activity/Gemini Apps/1704-23860a0b6dcc404d.png
41337	gemini_archive_reconstruction/takeout_2026-09-24/extracted/Takeout/My Activity/Gemini Apps/1706-23860a0b6dcc404d.png
104350	gemini_archive_reconstruction/takeout_2026-09-24/extracted/Takeout/My Activity/Gemini Apps/1707-bc164669d612bd6e.png
1550186	gemini_archive_reconstruction/takeout_2026-09-24/extracted/Takeout/My Activity/Gemini Apps/17313705731381981470-86b5477f2ce32aa1.png
364764	gemini_archive_reconstruction/takeout_2026-09-24/extracted/Takeout/My Activity/Gemini Apps/1790a5eb-b800-47c3-bd21-eaa13090e-8b8e39de98deb878.wav
227329	gemini_archive_reconstruction/takeout_2026-09-24/extracted/Takeout/My Activity/Gemini Apps/1872e588-57f4-417b-b879-9f8514171-a2f0611f70b851ed.jpg
64044	gemini_archive_reconstruction/takeout_2026-09-24/extracted/Takeout/My Activity/Gemini Apps/18e758b2-2eb6-43f2-9cee-ea80362be-ef50af672acc8fd8.wav
1262636	gemini_archive_reconstruction/takeout_2026-09-24/extracted/Takeout/My Activity/Gemini Apps/18e98cb4-72c7-4ceb-927d-8710d99d5-dc169d65d9bf21d6.wav
120410	gemini_archive_reconstruction/takeout_2026-09-24/extracted/Takeout/My Activity/Gemini Apps/193-89b5323fbecc372c.png
122367	gemini_archive_reconstruction/takeout_2026-09-24/extracted/Takeout/My Activity/Gemini Apps/194-89b5323fbecc372c.png
97361	gemini_archive_reconstruction/takeout_2026-09-24/extracted/Takeout/My Activity/Gemini Apps/195-89b5323fbecc372c.png
146690	gemini_archive_reconstruction/takeout_2026-09-24/extracted/Takeout/My Activity/Gemini Apps/196-89b5323fbecc372c.png
135803	gemini_archive_reconstruction/takeout_2026-09-24/extracted/Takeout/My Activity/Gemini Apps/197-89b5323fbecc372c.png
1461340	gemini_archive_reconstruction/takeout_2026-09-24/extracted/Takeout/My Activity/Gemini Apps/19724bf6-95c5-4e24-be1b-c883a86df-63ddc1db62541d9f.wav
132042	gemini_archive_reconstruction/takeout_2026-09-24/extracted/Takeout/My Activity/Gemini Apps/198-89b5323fbecc372c.png
131555	gemini_archive_reconstruction/takeout_2026-09-24/extracted/Takeout/My Activity/Gemini Apps/199-89b5323fbecc372c.png
1528796	gemini_archive_reconstruction/takeout_2026-09-24/extracted/Takeout/My Activity/Gemini Apps/19feea19-6a12-472d-bfbb-b8f480959-705a74575d5a0c70.wav
97324	gemini_archive_reconstruction/takeout_2026-09-24/extracted/Takeout/My Activity/Gemini Apps/1a1c4971-58e2-407c-ba48-94bfe0588-37f77fefc9b2ce05.wav
181804	gemini_archive_reconstruction/takeout_2026-09-24/extracted/Takeout/My Activity/Gemini Apps/1b3c6f54-3bc7-4622-9c5b-d9094188a-4a709758ce9eb9f2.wav
533340	gemini_archive_reconstruction/takeout_2026-09-24/extracted/Takeout/My Activity/Gemini Apps/1b818f75-2469-4162-a21d-1147162bf-f184d905bb547d1c.wav
373916	gemini_archive_reconstruction/takeout_2026-09-24/extracted/Takeout/My Activity/Gemini Apps/1bcbd8db-887c-4d71-b48e-e3c5a4969-94dda91cd0808c4d.wav
1166300	gemini_archive_reconstruction/takeout_2026-09-24/extracted/Takeout/My Activity/Gemini Apps/1c721188-ffd4-4067-89f4-4f4536f69-053cb6eb64adf2f4.wav
119084	gemini_archive_reconstruction/takeout_2026-09-24/extracted/Takeout/My Activity/Gemini Apps/1d8fab4c-5280-43ed-856e-30298bc06-b8e5388fd66349f2.wav
463916	gemini_archive_reconstruction/takeout_2026-09-24/extracted/Takeout/My Activity/Gemini Apps/1de98c7d-b2f1-437e-894c-59ffb659a-c838d802bc5fa7d1.wav
135212	gemini_archive_reconstruction/takeout_2026-09-24/extracted/Takeout/My Activity/Gemini Apps/1e5c513b-387b-489e-9d6c-103c37c5c-1525b5914766401d.wav
446764	gemini_archive_reconstruction/takeout_2026-09-24/extracted/Takeout/My Activity/Gemini Apps/1f85c682-3b15-4bb5-bfe7-80a80a434-45c968ec6f98ac45.wav
147363	gemini_archive_reconstruction/takeout_2026-09-24/extracted/Takeout/My Activity/Gemini Apps/200-89b5323fbecc372c.png
117898	gemini_archive_reconstruction/takeout_2026-09-24/extracted/Takeout/My Activity/Gemini Apps/201-89b5323fbecc372c.png
142664	gemini_archive_reconstruction/takeout_2026-09-24/extracted/Takeout/My Activity/Gemini Apps/202-89b5323fbecc372c.png
480812	gemini_archive_reconstruction/takeout_2026-09-24/extracted/Takeout/My Activity/Gemini Apps/20e96832-b356-4658-931c-0b66e8bf2-8f378c77082c43b2.wav
574508	gemini_archive_reconstruction/takeout_2026-09-24/extracted/Takeout/My Activity/Gemini Apps/22c0cddb-670a-49e4-8357-520653444-3dd2c28d01d4f5fb.wav
315484	gemini_archive_reconstruction/takeout_2026-09-24/extracted/Takeout/My Activity/Gemini Apps/2340fc10-2a0e-4549-a181-22223b24f-4cce55949421f50a.wav
407292	gemini_archive_reconstruction/takeout_2026-09-24/extracted/Takeout/My Activity/Gemini Apps/25b353b3-9105-4407-8c1e-2d8774905-811702230f04fd8c.wav
279596	gemini_archive_reconstruction/takeout_2026-09-24/extracted/Takeout/My Activity/Gemini Apps/25fa27f9-7c3f-4226-90a5-43275d286-abad59a514d78ac8.wav
541484	gemini_archive_reconstruction/takeout_2026-09-24/extracted/Takeout/My Activity/Gemini Apps/26df0c9f-6c78-464b-8bc0-7d87b69ef-0b8209c78a00ff2b.wav
2210524	gemini_archive_reconstruction/takeout_2026-09-24/extracted/Takeout/My Activity/Gemini Apps/271e0bcc-49c5-4f3d-a99d-b36995db7-8dc327d0478f3426.wav
1652119	gemini_archive_reconstruction/takeout_2026-09-24/extracted/Takeout/My Activity/Gemini Apps/2729940497388063176-372a9e4609079eed.jpg
190508	gemini_archive_reconstruction/takeout_2026-09-24/extracted/Takeout/My Activity/Gemini Apps/27811845-e866-430e-a458-a9fc18fe1-0ac53d0ba8fffed4.wav
129068	gemini_archive_reconstruction/takeout_2026-09-24/extracted/Takeout/My Activity/Gemini Apps/28a84134-fc03-4632-aed1-809f22053-67713b08cdd02988.wav
929884	gemini_archive_reconstruction/takeout_2026-09-24/extracted/Takeout/My Activity/Gemini Apps/28ad1bcd-3686-42a0-a24c-8dc4e4674-c27eb4743a40887f.wav
1661852	gemini_archive_reconstruction/takeout_2026-09-24/extracted/Takeout/My Activity/Gemini Apps/2958539146269266880-c4185f080189eb78.png
374236	gemini_archive_reconstruction/takeout_2026-09-24/extracted/Takeout/My Activity/Gemini Apps/296da5cf-be54-4bc7-9ff0-b2c87b467-69f3ccc4cc0facbd.wav
222764	gemini_archive_reconstruction/takeout_2026-09-24/extracted/Takeout/My Activity/Gemini Apps/2a381814-6358-4ad3-82ed-de9946a6a-e3995f60bfacf54a.wav
405804	gemini_archive_reconstruction/takeout_2026-09-24/extracted/Takeout/My Activity/Gemini Apps/2b5b40ad-5c59-4132-ac92-1c414bb5c-7eddf5897700f9c0.wav
930396	gemini_archive_reconstruction/takeout_2026-09-24/extracted/Takeout/My Activity/Gemini Apps/2b8a6602-f7e1-49a3-be52-cf9e9eddf-6c09580439a97601.wav
18396	gemini_archive_reconstruction/takeout_2026-09-24/extracted/Takeout/My Activity/Gemini Apps/2c2b6d1b-866e-41ff-9a98-9e66a337e-88520491a5dda477.wav
309257	gemini_archive_reconstruction/takeout_2026-09-24/extracted/Takeout/My Activity/Gemini Apps/2cdf714a-c84c-4c6c-9021-efe223935-06c051b2e6aa379e.jpg
282076	gemini_archive_reconstruction/takeout_2026-09-24/extracted/Takeout/My Activity/Gemini Apps/2ddac312-2e62-4c7c-975f-a1dd85e90-61050dea18089b06.wav
740396	gemini_archive_reconstruction/takeout_2026-09-24/extracted/Takeout/My Activity/Gemini Apps/2e7a4f28-6fac-4af5-8f3c-d66c4f065-474a707dd3eb62ea.wav
240786	gemini_archive_reconstruction/takeout_2026-09-24/extracted/Takeout/My Activity/Gemini Apps/2ebdbed8-39f0-46a5-9fae-52a8d8ad6-8aba228c165411fa.jpg
786600	gemini_archive_reconstruction/takeout_2026-09-24/extracted/Takeout/My Activity/Gemini Apps/314d83c1-37e1-41d0-9dda-f1da87e8a-b7ce95e656eec0a0.zip
1263708	gemini_archive_reconstruction/takeout_2026-09-24/extracted/Takeout/My Activity/Gemini Apps/3153478d-b3c9-4e2d-8718-41fa67745-e4b02a778b9b486f.wav
308524	gemini_archive_reconstruction/takeout_2026-09-24/extracted/Takeout/My Activity/Gemini Apps/3459bdc5-0bb6-4961-b87d-4f7bf7fce-8b0732ab1353f7bb.wav
725804	gemini_archive_reconstruction/takeout_2026-09-24/extracted/Takeout/My Activity/Gemini Apps/368a7ede-818d-4a57-898b-a174a9270-bf1c9fe46e828b79.wav
1341243	gemini_archive_reconstruction/takeout_2026-09-24/extracted/Takeout/My Activity/Gemini Apps/3729784733988672848-3a5979bf67894d6a.png
1190902	gemini_archive_reconstruction/takeout_2026-09-24/extracted/Takeout/My Activity/Gemini Apps/376-03b60243bef7b00c.png
642092	gemini_archive_reconstruction/takeout_2026-09-24/extracted/Takeout/My Activity/Gemini Apps/377c0cfd-3193-48b9-b776-d96f59a86-b90792c7cb14a31d.wav
1057608	gemini_archive_reconstruction/takeout_2026-09-24/extracted/Takeout/My Activity/Gemini Apps/379-702b28cb86a51b9f.png
446764	gemini_archive_reconstruction/takeout_2026-09-24/extracted/Takeout/My Activity/Gemini Apps/382357d6-3c0e-4ba2-bcf8-d3b9a7e58-6b50f876d37ea485.wav
34725	gemini_archive_reconstruction/takeout_2026-09-24/extracted/Takeout/My Activity/Gemini Apps/39-b5b7dbe0d432dc7b.png
316204	gemini_archive_reconstruction/takeout_2026-09-24/extracted/Takeout/My Activity/Gemini Apps/39359611-b80b-43fb-b319-7064ff015-4674ed80ec89ceb4.wav
135212	gemini_archive_reconstruction/takeout_2026-09-24/extracted/Takeout/My Activity/Gemini Apps/3948f5aa-9a17-42c2-8801-eea6a46d8-0aae5d5cfc1c19ad.wav
185900	gemini_archive_reconstruction/takeout_2026-09-24/extracted/Takeout/My Activity/Gemini Apps/3d4672ec-055c-466a-a758-00b46d00d-767f8c53a8284d28.wav
111404	gemini_archive_reconstruction/takeout_2026-09-24/extracted/Takeout/My Activity/Gemini Apps/3d8a0a2c-316a-4bbd-985c-e11f69f05-fa9d55a920c98705.wav
327212	gemini_archive_reconstruction/takeout_2026-09-24/extracted/Takeout/My Activity/Gemini Apps/3e24ea17-b3f6-434e-9f75-7bd35cdd4-df11ddee7049ee19.wav
86060	gemini_archive_reconstruction/takeout_2026-09-24/extracted/Takeout/My Activity/Gemini Apps/403a049d-6cdf-4ac3-b140-50ac8a4c8-d1b2c3b6303e3203.wav
379356	gemini_archive_reconstruction/takeout_2026-09-24/extracted/Takeout/My Activity/Gemini Apps/425c8725-0787-49db-b7b5-c863c34a3-0015cd86118a5d7c.wav
175148	gemini_archive_reconstruction/takeout_2026-09-24/extracted/Takeout/My Activity/Gemini Apps/427018e7-63e9-471e-9520-4f5ffa284-1fadcd9e44f129db.wav
145964	gemini_archive_reconstruction/takeout_2026-09-24/extracted/Takeout/My Activity/Gemini Apps/42d99311-8629-4a0a-977c-455584d80-76f326eb8737b3c7.wav
1129564	gemini_archive_reconstruction/takeout_2026-09-24/extracted/Takeout/My Activity/Gemini Apps/4309407e-788a-43a2-b238-6afc54c50-1432f5acbc16bd83.wav
290604	gemini_archive_reconstruction/takeout_2026-09-24/extracted/Takeout/My Activity/Gemini Apps/44cb9c73-a238-4e0e-9014-083275921-21a2f82543ac9bfa.wav
741468	gemini_archive_reconstruction/takeout_2026-09-24/extracted/Takeout/My Activity/Gemini Apps/44db958c-2ee3-4729-8270-8af6ad85e-caefbc7f3219eb7f.wav
369560	gemini_archive_reconstruction/takeout_2026-09-24/extracted/Takeout/My Activity/Gemini Apps/44faa847-96dd-4d8c-8974-be97d4879-017331cafe4decdd.zip
165174	gemini_archive_reconstruction/takeout_2026-09-24/extracted/Takeout/My Activity/Gemini Apps/457-c6bdb5e35584b3ed.jpg
21656	gemini_archive_reconstruction/takeout_2026-09-24/extracted/Takeout/My Activity/Gemini Apps/459-c2ccd1e63291c558.png
21656	gemini_archive_reconstruction/takeout_2026-09-24/extracted/Takeout/My Activity/Gemini Apps/459-c6bdb5e35584b3ed.png
34352	gemini_archive_reconstruction/takeout_2026-09-24/extracted/Takeout/My Activity/Gemini Apps/460-c2ccd1e63291c558.png
34352	gemini_archive_reconstruction/takeout_2026-09-24/extracted/Takeout/My Activity/Gemini Apps/460-c6bdb5e35584b3ed.png
24123	gemini_archive_reconstruction/takeout_2026-09-24/extracted/Takeout/My Activity/Gemini Apps/461-c2ccd1e63291c558.png
24123	gemini_archive_reconstruction/takeout_2026-09-24/extracted/Takeout/My Activity/Gemini Apps/461-c6bdb5e35584b3ed.png
979855	gemini_archive_reconstruction/takeout_2026-09-24/extracted/Takeout/My Activity/Gemini Apps/461a7830-899c-4cbb-af00-12c369d9d-011f633579933a87.zip
116780	gemini_archive_reconstruction/takeout_2026-09-24/extracted/Takeout/My Activity/Gemini Apps/46507b10-3d32-4351-86ce-e3b9168f7-4e7febc5181d09df.wav
1333804	gemini_archive_reconstruction/takeout_2026-09-24/extracted/Takeout/My Activity/Gemini Apps/46b6ea98-6793-4be9-824f-9a8b85854-ce92a823a111c059.wav
1300188	gemini_archive_reconstruction/takeout_2026-09-24/extracted/Takeout/My Activity/Gemini Apps/471b46b7-b254-421d-b87b-2404b332c-d7c9c30083ab0f7c.wav
2061404	gemini_archive_reconstruction/takeout_2026-09-24/extracted/Takeout/My Activity/Gemini Apps/482a5679-effd-4cbc-9656-540a80474-f7dc4f14f900b125.wav
195443	gemini_archive_reconstruction/takeout_2026-09-24/extracted/Takeout/My Activity/Gemini Apps/493-5465f17f84ef4be4.jpg
164265	gemini_archive_reconstruction/takeout_2026-09-24/extracted/Takeout/My Activity/Gemini Apps/493-5b66aa1da7853db6.jpg
206768	gemini_archive_reconstruction/takeout_2026-09-24/extracted/Takeout/My Activity/Gemini Apps/494-5b66aa1da7853db6.jpg
108592	gemini_archive_reconstruction/takeout_2026-09-24/extracted/Takeout/My Activity/Gemini Apps/497-9e07f7bfbf8f5634.png
850988	gemini_archive_reconstruction/takeout_2026-09-24/extracted/Takeout/My Activity/Gemini Apps/49aeb8a4-38e9-42fd-9c88-b320a3d0d-0c8933fdfcc332e1.wav
109484	gemini_archive_reconstruction/takeout_2026-09-24/extracted/Takeout/My Activity/Gemini Apps/49dc53ec-29d7-4bcf-9874-226714d09-58719663bf5f2c54.wav
350391	gemini_archive_reconstruction/takeout_2026-09-24/extracted/Takeout/My Activity/Gemini Apps/4a222593-8045-4749-9645-6aa6cb251-6338ec2ec30a71dd.jpg
343084	gemini_archive_reconstruction/takeout_2026-09-24/extracted/Takeout/My Activity/Gemini Apps/4c89d484-11f7-4597-957e-a6636cb51-a9aaaefc926863b1.wav
1734492	gemini_archive_reconstruction/takeout_2026-09-24/extracted/Takeout/My Activity/Gemini Apps/4f8a47cd-d528-4ae9-9c2c-357f461f3-12c90a4d9be71bf4.wav
910300	gemini_archive_reconstruction/takeout_2026-09-24/extracted/Takeout/My Activity/Gemini Apps/4fb543b2-ed2c-4462-8dfb-4a631808c-818c922fcfa7672e.wav
159687	gemini_archive_reconstruction/takeout_2026-09-24/extracted/Takeout/My Activity/Gemini Apps/502-1150f3d9d2deb579.png
161061	gemini_archive_reconstruction/takeout_2026-09-24/extracted/Takeout/My Activity/Gemini Apps/503-3d3dbb5255bb40a6.png
345644	gemini_archive_reconstruction/takeout_2026-09-24/extracted/Takeout/My Activity/Gemini Apps/514219eb-42c8-4c83-b2ac-5d33b916f-692fefa6536bba62.wav
845276	gemini_archive_reconstruction/takeout_2026-09-24/extracted/Takeout/My Activity/Gemini Apps/51d70ef5-d5c0-4ff1-9fd1-89e8ced47-6d3527ec7414757c.wav
205916	gemini_archive_reconstruction/takeout_2026-09-24/extracted/Takeout/My Activity/Gemini Apps/528d5c4b-178c-4c68-9f38-c44f6aff9-6c652036b3733c20.wav
573660	gemini_archive_reconstruction/takeout_2026-09-24/extracted/Takeout/My Activity/Gemini Apps/52b23930-d36d-4deb-b4d2-37bc4fd13-d6ba58fd9655db52.wav
157484	gemini_archive_reconstruction/takeout_2026-09-24/extracted/Takeout/My Activity/Gemini Apps/5313ce51-c6b9-4877-b8ea-59cc23698-554f957fdcd8cb6b.wav
1198044	gemini_archive_reconstruction/takeout_2026-09-24/extracted/Takeout/My Activity/Gemini Apps/564affa5-ce8b-4411-baa5-10ce1c14d-a37ad0c6362b0e72.wav
834092	gemini_archive_reconstruction/takeout_2026-09-24/extracted/Takeout/My Activity/Gemini Apps/56c60268-4c7c-4df4-95e2-a083c430e-3f570df875f302f7.wav
138284	gemini_archive_reconstruction/takeout_2026-09-24/extracted/Takeout/My Activity/Gemini Apps/58657a69-f247-47b6-9e1b-35a8fd132-7754d2abf496af22.wav
379436	gemini_archive_reconstruction/takeout_2026-09-24/extracted/Takeout/My Activity/Gemini Apps/594f32d2-76c4-41fd-9df4-8ee37b100-dd8773bfebaeebfe.wav
64044	gemini_archive_reconstruction/takeout_2026-09-24/extracted/Takeout/My Activity/Gemini Apps/59651cde-2096-421a-9b26-f40de97f2-d7659481049b9ba6.wav
571436	gemini_archive_reconstruction/takeout_2026-09-24/extracted/Takeout/My Activity/Gemini Apps/59d5dd55-682a-447a-b692-1e09d966e-04d707b3c0f07921.wav
554540	gemini_archive_reconstruction/takeout_2026-09-24/extracted/Takeout/My Activity/Gemini Apps/5b5b1b5e-73f3-4e4c-8b31-80d0f3a65-7d980b3a76f52a9e.wav
1040732	gemini_archive_reconstruction/takeout_2026-09-24/extracted/Takeout/My Activity/Gemini Apps/62cfee82-2c06-4586-8653-166a6beda-36c748d37dd376f8.wav
390188	gemini_archive_reconstruction/takeout_2026-09-24/extracted/Takeout/My Activity/Gemini Apps/62e376c7-fc50-414b-a413-32a272159-66b08736b61cd949.wav
1031746	gemini_archive_reconstruction/takeout_2026-09-24/extracted/Takeout/My Activity/Gemini Apps/6356483273155035682-48950352d34d2548.png
1281116	gemini_archive_reconstruction/takeout_2026-09-24/extracted/Takeout/My Activity/Gemini Apps/638a469a-e7e4-4cd1-bd64-c612a9970-f092fc501b1c9c5e.wav
330716	gemini_archive_reconstruction/takeout_2026-09-24/extracted/Takeout/My Activity/Gemini Apps/6498a049-9901-4048-bc67-b03b75f10-7e5c3f698773a55c.wav
285916	gemini_archive_reconstruction/takeout_2026-09-24/extracted/Takeout/My Activity/Gemini Apps/651f434f-6ebb-4fa4-9c50-baa0987d1-3d68b5c6f19fdaff.wav
146778	gemini_archive_reconstruction/takeout_2026-09-24/extracted/Takeout/My Activity/Gemini Apps/657-d801322d3560b3b9.png
225324	gemini_archive_reconstruction/takeout_2026-09-24/extracted/Takeout/My Activity/Gemini Apps/65c842c3-1de2-4bdc-b9cf-cc4bcdd0a-cc65950c054b1dbf.wav
136057	gemini_archive_reconstruction/takeout_2026-09-24/extracted/Takeout/My Activity/Gemini Apps/664-bc6cf727556ad2ad.png
376796	gemini_archive_reconstruction/takeout_2026-09-24/extracted/Takeout/My Activity/Gemini Apps/672d48e8-07ee-47a3-a056-05c865233-f1be37789e65c615.wav
1788907	gemini_archive_reconstruction/takeout_2026-09-24/extracted/Takeout/My Activity/Gemini Apps/6752935c-e3f8-4d84-8bc8-9b6139076-f76cdb18ad84ed6d.zip
941788	gemini_archive_reconstruction/takeout_2026-09-24/extracted/Takeout/My Activity/Gemini Apps/69084ee6-d976-4fa2-8852-37f9f9bed-0ab8ef177085a496.wav
509996	gemini_archive_reconstruction/takeout_2026-09-24/extracted/Takeout/My Activity/Gemini Apps/69236b20-0ce2-4b42-80c6-3cdbe6d0c-03b75a6d1c68baf5.wav
324316	gemini_archive_reconstruction/takeout_2026-09-24/extracted/Takeout/My Activity/Gemini Apps/6971782b-d2f1-4d78-a7bd-bbee7d1fa-af53797a327eb37d.wav
1961436	gemini_archive_reconstruction/takeout_2026-09-24/extracted/Takeout/My Activity/Gemini Apps/6aecb55d-95e2-4d17-b2d8-ab7fb8c4f-f15024f7f15d5075.wav
947756	gemini_archive_reconstruction/takeout_2026-09-24/extracted/Takeout/My Activity/Gemini Apps/6bc0636d-f60a-4e6c-8197-723600fc0-218c24425f1c129d.wav
2644903	gemini_archive_reconstruction/takeout_2026-09-24/extracted/Takeout/My Activity/Gemini Apps/6bdf1ef5-f688-4865-9c7e-bef011538-e77c372e23b2c563.zip
2372700	gemini_archive_reconstruction/takeout_2026-09-24/extracted/Takeout/My Activity/Gemini Apps/6bff23e7-3e43-40f2-9073-6cb3bc77c-6ecf17bbb6318dd4.wav
430124	gemini_archive_reconstruction/takeout_2026-09-24/extracted/Takeout/My Activity/Gemini Apps/6de503a0-7fca-420a-b45c-8f8cfb122-cb7c5d87fe9e38c0.wav
340524	gemini_archive_reconstruction/takeout_2026-09-24/extracted/Takeout/My Activity/Gemini Apps/6e29b285-5e4e-4963-9c90-335478ba4-7a944390b5bbe849.wav
1315062	gemini_archive_reconstruction/takeout_2026-09-24/extracted/Takeout/My Activity/Gemini Apps/6ea7f68b-a385-4ad0-8f0e-fb071c67f-c53309b40bcfe68b.zip
583724	gemini_archive_reconstruction/takeout_2026-09-24/extracted/Takeout/My Activity/Gemini Apps/6f9ee85a-51d2-4bde-b1a7-38bf3c610-927c63e76300788f.wav
519900	gemini_archive_reconstruction/takeout_2026-09-24/extracted/Takeout/My Activity/Gemini Apps/6fbf7ee2-5c84-4387-af5b-fe807721c-0bab9a621426b70d.wav
731228	gemini_archive_reconstruction/takeout_2026-09-24/extracted/Takeout/My Activity/Gemini Apps/6ff5463e-5e78-4649-9523-6c91ac078-efe0f7a7fc80163f.wav
69164	gemini_archive_reconstruction/takeout_2026-09-24/extracted/Takeout/My Activity/Gemini Apps/7000fdd5-38f6-4f7f-b1e2-5b91a3afc-a21eab96dfead278.wav
967388	gemini_archive_reconstruction/takeout_2026-09-24/extracted/Takeout/My Activity/Gemini Apps/700ea4b1-f18b-4c0a-8d10-df1d482f2-08256d9ab00b72bd.wav
682284	gemini_archive_reconstruction/takeout_2026-09-24/extracted/Takeout/My Activity/Gemini Apps/7179b26d-68b3-4516-96f2-3803cd274-479fab9d647f7d49.wav
24057	gemini_archive_reconstruction/takeout_2026-09-24/extracted/Takeout/My Activity/Gemini Apps/729-2ea7a8ec7c4cca1a.png
296156	gemini_archive_reconstruction/takeout_2026-09-24/extracted/Takeout/My Activity/Gemini Apps/7410d8c4-7345-4dac-84e5-c1b831933-9bfa8064f1890e5d.wav
474924	gemini_archive_reconstruction/takeout_2026-09-24/extracted/Takeout/My Activity/Gemini Apps/74f2e35b-d892-4397-b72b-e4bfa6963-e77c372e23b2c563.wav
18883	gemini_archive_reconstruction/takeout_2026-09-24/extracted/Takeout/My Activity/Gemini Apps/765-a95a34ab603846a0.jpg
427564	gemini_archive_reconstruction/takeout_2026-09-24/extracted/Takeout/My Activity/Gemini Apps/7833a6ec-32ac-4fb9-acd0-f2a7489ae-158143c87b96c13f.wav
125276	gemini_archive_reconstruction/takeout_2026-09-24/extracted/Takeout/My Activity/Gemini Apps/7889e25f-26a1-46ed-a55a-0dab48311-296d69b12c47db38.wav
1493843	gemini_archive_reconstruction/takeout_2026-09-24/extracted/Takeout/My Activity/Gemini Apps/7898290183112218907-5a3073678a70d110.png
365612	gemini_archive_reconstruction/takeout_2026-09-24/extracted/Takeout/My Activity/Gemini Apps/78a422df-8425-4969-afc4-bf55d01cf-e01760ea64455f18.wav
150236	gemini_archive_reconstruction/takeout_2026-09-24/extracted/Takeout/My Activity/Gemini Apps/79acccec-e99c-4849-8c6a-e59cdf461-a8d2132b5d7d71d0.wav
440490	gemini_archive_reconstruction/takeout_2026-09-24/extracted/Takeout/My Activity/Gemini Apps/79eeb45c-a8dd-44d2-81a2-c974ee002-481420668a554ad3.zip
285276	gemini_archive_reconstruction/takeout_2026-09-24/extracted/Takeout/My Activity/Gemini Apps/7a5252bf-798a-4667-8a41-77cae6b95-56b3b695ad392103.wav
587564	gemini_archive_reconstruction/takeout_2026-09-24/extracted/Takeout/My Activity/Gemini Apps/7af890ed-a4c2-4807-a112-39f5efce5-46cee1cc5e31d537.wav
135212	gemini_archive_reconstruction/takeout_2026-09-24/extracted/Takeout/My Activity/Gemini Apps/7b4b75ef-9da2-407a-a254-073d2114d-d907a8bbeafcd963.wav
176684	gemini_archive_reconstruction/takeout_2026-09-24/extracted/Takeout/My Activity/Gemini Apps/7baa2c0e-79cf-4368-8ce3-ab120ef3e-fdaf9d345533e984.wav
949980	gemini_archive_reconstruction/takeout_2026-09-24/extracted/Takeout/My Activity/Gemini Apps/7c635e8e-477d-4945-9449-ebbdaa1ef-5cc672d78f13a881.wav
57644	gemini_archive_reconstruction/takeout_2026-09-24/extracted/Takeout/My Activity/Gemini Apps/7e4ed6fd-69fb-437b-b451-e8684f9eb-017331cafe4decdd.wav
710876	gemini_archive_reconstruction/takeout_2026-09-24/extracted/Takeout/My Activity/Gemini Apps/7ee852bb-27b8-4a19-9539-640258c67-a869bd13b60e824b.wav
77916	gemini_archive_reconstruction/takeout_2026-09-24/extracted/Takeout/My Activity/Gemini Apps/7eff1245-480d-42b4-988a-2890d50c9-76cb624af36d5153.wav
215084	gemini_archive_reconstruction/takeout_2026-09-24/extracted/Takeout/My Activity/Gemini Apps/7feebb75-2482-4364-83ed-42602cead-dd539f5d0fcd68d8.wav
1372605	gemini_archive_reconstruction/takeout_2026-09-24/extracted/Takeout/My Activity/Gemini Apps/8047432924070808856-b700d245f39d2519.png
336428	gemini_archive_reconstruction/takeout_2026-09-24/extracted/Takeout/My Activity/Gemini Apps/80bf21dd-90da-48c0-8b7e-dcf1ad2d3-4afabcf8d873e19b.wav
778796	gemini_archive_reconstruction/takeout_2026-09-24/extracted/Takeout/My Activity/Gemini Apps/815b8b94-876b-41c1-b35a-313c27656-91774364aa0297a5.wav
464684	gemini_archive_reconstruction/takeout_2026-09-24/extracted/Takeout/My Activity/Gemini Apps/8235fb0c-03ab-4562-a46f-822d378fb-39071aa2009cb13e.wav
697644	gemini_archive_reconstruction/takeout_2026-09-24/extracted/Takeout/My Activity/Gemini Apps/82d9db23-edae-4041-8297-c3fc2fb6b-7ece154858964531.wav
274324	gemini_archive_reconstruction/takeout_2026-09-24/extracted/Takeout/My Activity/Gemini Apps/83967ddb-1adf-40fb-9f26-53fdab1cb-e4e8d0664ee17f17.jpg
295724	gemini_archive_reconstruction/takeout_2026-09-24/extracted/Takeout/My Activity/Gemini Apps/84d0ae7c-6f88-491c-bf32-58cff1c3e-655fbe3280ed27ef.wav
310556	gemini_archive_reconstruction/takeout_2026-09-24/extracted/Takeout/My Activity/Gemini Apps/85ffd496-6445-41c6-9f8b-1c03643ab-b9c3101314129f8e.wav
695031	gemini_archive_reconstruction/takeout_2026-09-24/extracted/Takeout/My Activity/Gemini Apps/86c76e72-8532-401f-a042-b1d212a24-5477ff99304f8359.zip
50184	gemini_archive_reconstruction/takeout_2026-09-24/extracted/Takeout/My Activity/Gemini Apps/872-d9d7a1e9a1201fc5.png
38535	gemini_archive_reconstruction/takeout_2026-09-24/extracted/Takeout/My Activity/Gemini Apps/874-d9d7a1e9a1201fc5.png
54452	gemini_archive_reconstruction/takeout_2026-09-24/extracted/Takeout/My Activity/Gemini Apps/875-d9d7a1e9a1201fc5.png
47014	gemini_archive_reconstruction/takeout_2026-09-24/extracted/Takeout/My Activity/Gemini Apps/876-d9d7a1e9a1201fc5.png
42010	gemini_archive_reconstruction/takeout_2026-09-24/extracted/Takeout/My Activity/Gemini Apps/877-d9d7a1e9a1201fc5.png
1671724	gemini_archive_reconstruction/takeout_2026-09-24/extracted/Takeout/My Activity/Gemini Apps/88b0a4fe-ae35-4a06-a003-d1f3923ce-f5c8b3ed88350ef2.wav
187436	gemini_archive_reconstruction/takeout_2026-09-24/extracted/Takeout/My Activity/Gemini Apps/88c7e5cd-e812-40e1-ab71-1d2e61cef-1a3e3b184080bbbb.wav
117276	gemini_archive_reconstruction/takeout_2026-09-24/extracted/Takeout/My Activity/Gemini Apps/8a254748-9ab3-49ff-92f1-dadc79479-f2e91d5603e851b4.wav
197916	gemini_archive_reconstruction/takeout_2026-09-24/extracted/Takeout/My Activity/Gemini Apps/8af30213-1c95-458f-92f6-18950abcb-18a19499afbfb3fa.wav
182876	gemini_archive_reconstruction/takeout_2026-09-24/extracted/Takeout/My Activity/Gemini Apps/8b88050e-c1ce-4b1e-a34d-63a5489a7-778b3c7ea297c10d.wav
1569628	gemini_archive_reconstruction/takeout_2026-09-24/extracted/Takeout/My Activity/Gemini Apps/8c26e7b6-08ea-48c2-8e50-cfec23c67-5cc8b01ff4656a3c.wav
76644	gemini_archive_reconstruction/takeout_2026-09-24/extracted/Takeout/My Activity/Gemini Apps/8e5a83a2-2911-4adf-a7bb-820658095-32ff32aef46c178b.zip
739036	gemini_archive_reconstruction/takeout_2026-09-24/extracted/Takeout/My Activity/Gemini Apps/8eb9d232-5a3e-407c-898f-a56cff0f4-1b953c1c8a51fdf7.wav
893996	gemini_archive_reconstruction/takeout_2026-09-24/extracted/Takeout/My Activity/Gemini Apps/8f2fbaa3-dee4-4685-8c93-79ab50b7b-f0635eabd415db9c.wav
161324	gemini_archive_reconstruction/takeout_2026-09-24/extracted/Takeout/My Activity/Gemini Apps/8fa99f9a-2d8e-4cc7-9b5f-a3e3326b2-a9b477584151e32e.wav
396332	gemini_archive_reconstruction/takeout_2026-09-24/extracted/Takeout/My Activity/Gemini Apps/8faf7c19-d661-4721-bbf8-a512e120e-5e42c61db53ab8bb.wav
229164	gemini_archive_reconstruction/takeout_2026-09-24/extracted/Takeout/My Activity/Gemini Apps/9011cb36-d302-4383-aa43-b5286884d-481420668a554ad3.wav
167724	gemini_archive_reconstruction/takeout_2026-09-24/extracted/Takeout/My Activity/Gemini Apps/90ee3c2c-1de8-4dbe-8790-c408186f2-92a2a138212060a4.wav
1581842	gemini_archive_reconstruction/takeout_2026-09-24/extracted/Takeout/My Activity/Gemini Apps/9108521552426848068-b57a8f6f1f61db4f.png
1048412	gemini_archive_reconstruction/takeout_2026-09-24/extracted/Takeout/My Activity/Gemini Apps/91c39210-cefd-45a7-969c-98e51682d-ca930fae76b1894f.wav
1600726	gemini_archive_reconstruction/takeout_2026-09-24/extracted/Takeout/My Activity/Gemini Apps/9216204058123193764-fee28adf2b9ab8bb.png
435036	gemini_archive_reconstruction/takeout_2026-09-24/extracted/Takeout/My Activity/Gemini Apps/925d24e5-b48b-49ea-b692-a3aa92896-05013d8dee23a3d8.wav
420908	gemini_archive_reconstruction/takeout_2026-09-24/extracted/Takeout/My Activity/Gemini Apps/9377b8df-73c3-4b31-806f-eef244bc4-e73d91cc9cf638bb.wav
2187841	gemini_archive_reconstruction/takeout_2026-09-24/extracted/Takeout/My Activity/Gemini Apps/9481496554526911508-9ccba80825bab905.png
1667644	gemini_archive_reconstruction/takeout_2026-09-24/extracted/Takeout/My Activity/Gemini Apps/9513483071710908532-f7be42137b4ea14d.jpg
711260	gemini_archive_reconstruction/takeout_2026-09-24/extracted/Takeout/My Activity/Gemini Apps/95e0c47a-3760-4497-ac3e-afbfea2e0-148f73c3f580b92d.wav
330076	gemini_archive_reconstruction/takeout_2026-09-24/extracted/Takeout/My Activity/Gemini Apps/9615eaca-48d5-4e67-ad68-3dd8cd7a9-58a73d229bffa8f7.wav
179036	gemini_archive_reconstruction/takeout_2026-09-24/extracted/Takeout/My Activity/Gemini Apps/96c5cbf7-5961-4af0-991f-298014916-4133607634dafbd2.wav
427036	gemini_archive_reconstruction/takeout_2026-09-24/extracted/Takeout/My Activity/Gemini Apps/98097d12-3126-453a-8f2f-93444980c-19f6053869e9b82f.wav
831020	gemini_archive_reconstruction/takeout_2026-09-24/extracted/Takeout/My Activity/Gemini Apps/9828dde4-5250-4f0b-98ea-e25feea28-84f5e21a03598d58.wav
285916	gemini_archive_reconstruction/takeout_2026-09-24/extracted/Takeout/My Activity/Gemini Apps/98e5d1c2-e9ca-4958-93a9-3553727b3-bf164bd5251d8f26.wav
113964	gemini_archive_reconstruction/takeout_2026-09-24/extracted/Takeout/My Activity/Gemini Apps/9927866e-7550-4c16-b0b8-1d38a09f9-7e5893d0a6c8d5db.wav
1386076	gemini_archive_reconstruction/takeout_2026-09-24/extracted/Takeout/My Activity/Gemini Apps/99e08d4c-ce46-4bee-beff-9bc50b509-dd533f1c3befacfd.wav
1859548	gemini_archive_reconstruction/takeout_2026-09-24/extracted/Takeout/My Activity/Gemini Apps/9a8fc216-b441-4af0-8ef1-93533f3e5-1325d4aa12df57d1.wav
872492	gemini_archive_reconstruction/takeout_2026-09-24/extracted/Takeout/My Activity/Gemini Apps/9aa3acc6-4480-4c57-b9c0-7c222d6a0-6d5d6d4e8adc5bcc.wav
1444316	gemini_archive_reconstruction/takeout_2026-09-24/extracted/Takeout/My Activity/Gemini Apps/9b1bb74a-1888-40b9-b8a9-3a72445e9-e57db72b55d3c32d.wav
1062108	gemini_archive_reconstruction/takeout_2026-09-24/extracted/Takeout/My Activity/Gemini Apps/9baea916-581e-4132-859a-fd973e316-be3b8f00efbad779.wav
1673436	gemini_archive_reconstruction/takeout_2026-09-24/extracted/Takeout/My Activity/Gemini Apps/9d052122-d673-431c-bc2a-cd0b030b1-f32454ce87364e86.wav
170782	gemini_archive_reconstruction/takeout_2026-09-24/extracted/Takeout/My Activity/Gemini Apps/9df480bc-ef3a-4072-8ef6-243b577a4-bb1fbf192e478017.jpg
2016604	gemini_archive_reconstruction/takeout_2026-09-24/extracted/Takeout/My Activity/Gemini Apps/9ee9ed87-c303-4b8a-b606-ba7242d72-96b1e8663be2f0d9.wav
158764	gemini_archive_reconstruction/takeout_2026-09-24/extracted/Takeout/My Activity/Gemini Apps/9f796475-2d6c-49ee-a3b2-6e7379141-08c6f1704592a40a.wav
201004	gemini_archive_reconstruction/takeout_2026-09-24/extracted/Takeout/My Activity/Gemini Apps/9f7b579b-7415-484d-abca-665ee6abb-4b675c3f6da7d285.wav
72570	gemini_archive_reconstruction/takeout_2026-09-24/extracted/Takeout/My Activity/Gemini Apps/ASHE_COMPLETE_EXTRACTOR.py-900928f1c8f03f33.pdf
227062	gemini_archive_reconstruction/takeout_2026-09-24/extracted/Takeout/My Activity/Gemini Apps/Application Architecture Review A-8c83822bd4deabda.pdf
15035	gemini_archive_reconstruction/takeout_2026-09-24/extracted/Takeout/My Activity/Gemini Apps/Ashe-Constitution-final-900928f1c8f03f33
15035	gemini_archive_reconstruction/takeout_2026-09-24/extracted/Takeout/My Activity/Gemini Apps/Ashe-Constitution-final-b2fe13f41d524785
94275	gemini_archive_reconstruction/takeout_2026-09-24/extracted/Takeout/My Activity/Gemini Apps/Atlas chapter_one_in_scene-417b6cb4edf3ec5d.pdf
121894	gemini_archive_reconstruction/takeout_2026-09-24/extracted/Takeout/My Activity/Gemini Apps/Atlas chapter_three_in_scene-65d9648ab75ab23f.pdf
108716	gemini_archive_reconstruction/takeout_2026-09-24/extracted/Takeout/My Activity/Gemini Apps/Atlas chapter_two_in_scene-9234140b20e5fba3.pdf
112661	gemini_archive_reconstruction/takeout_2026-09-24/extracted/Takeout/My Activity/Gemini Apps/Atlas chapter_two_in_scene-f184378b87e5341d.pdf
9959	gemini_archive_reconstruction/takeout_2026-09-24/extracted/Takeout/My Activity/Gemini Apps/Axiom_6_Final_Synthesis-24d866f190c968f7
9959	gemini_archive_reconstruction/takeout_2026-09-24/extracted/Takeout/My Activity/Gemini Apps/Axiom_6_Final_Synthesis-b2fe13f41d524785
8697	gemini_archive_reconstruction/takeout_2026-09-24/extracted/Takeout/My Activity/Gemini Apps/Axiom_7_Final_Synthesis-24d866f190c968f7
8697	gemini_archive_reconstruction/takeout_2026-09-24/extracted/Takeout/My Activity/Gemini Apps/Axiom_7_Final_Synthesis-b2fe13f41d524785
8094	gemini_archive_reconstruction/takeout_2026-09-24/extracted/Takeout/My Activity/Gemini Apps/Axiom_8_Final_Synthesis-24d866f190c968f7
8094	gemini_archive_reconstruction/takeout_2026-09-24/extracted/Takeout/My Activity/Gemini Apps/Axiom_8_Final_Synthesis-f0bfe8acd125c53f
1660957	gemini_archive_reconstruction/takeout_2026-09-24/extracted/Takeout/My Activity/Gemini Apps/Gemini - Lyra -3f6e2eed1305ffa6.html
1660957	gemini_archive_reconstruction/takeout_2026-09-24/extracted/Takeout/My Activity/Gemini Apps/Gemini - Lyra -7a4fbae64999ac82.html
461939	gemini_archive_reconstruction/takeout_2026-09-24/extracted/Takeout/My Activity/Gemini Apps/Gemini-Conversation_History_Recap-75fb6b3a0409e561.json
461939	gemini_archive_reconstruction/takeout_2026-09-24/extracted/Takeout/My Activity/Gemini Apps/Gemini-Conversation_History_Recap-e64d56c7bb3cb3dc.json
475676	gemini_archive_reconstruction/takeout_2026-09-24/extracted/Takeout/My Activity/Gemini Apps/HQC_AI_Pitch_Deck-89e9a116347d635b.pptx
475676	gemini_archive_reconstruction/takeout_2026-09-24/extracted/Takeout/My Activity/Gemini Apps/HQC_AI_Pitch_Deck-ea4b0ae1352a85b7.pptx
92967	gemini_archive_reconstruction/takeout_2026-09-24/extracted/Takeout/My Activity/Gemini Apps/Messenger_creation_4CC7CB0C-31DF--46fa153eefb311e8.jpg
13379	gemini_archive_reconstruction/takeout_2026-09-24/extracted/Takeout/My Activity/Gemini Apps/Modelfile-Autonomous-2f78fea5354fe386
16725561	gemini_archive_reconstruction/takeout_2026-09-24/extracted/Takeout/My Activity/Gemini Apps/MyActivity.html
3755401	gemini_archive_reconstruction/takeout_2026-09-24/extracted/Takeout/My Activity/Gemini Apps/PXL_20251216_074643180-dbc0389bebbb91b4.jpg
610970	gemini_archive_reconstruction/takeout_2026-09-24/extracted/Takeout/My Activity/Gemini Apps/Perceived rejection or conflict-0c67a987a46f58a1.html
610970	gemini_archive_reconstruction/takeout_2026-09-24/extracted/Takeout/My Activity/Gemini Apps/Perceived rejection or conflict-353832ecd842e453.html
610970	gemini_archive_reconstruction/takeout_2026-09-24/extracted/Takeout/My Activity/Gemini Apps/Perceived rejection or conflict-4065cfd419b6278e.html
610970	gemini_archive_reconstruction/takeout_2026-09-24/extracted/Takeout/My Activity/Gemini Apps/Perceived rejection or conflict-8c1c38f918f96d84.html
610970	gemini_archive_reconstruction/takeout_2026-09-24/extracted/Takeout/My Activity/Gemini Apps/Perceived rejection or conflict-a33fee247eecc5a7.html
610970	gemini_archive_reconstruction/takeout_2026-09-24/extracted/Takeout/My Activity/Gemini Apps/Perceived rejection or conflict-ac211ecca7febeb8.html
610970	gemini_archive_reconstruction/takeout_2026-09-24/extracted/Takeout/My Activity/Gemini Apps/Perceived rejection or conflict-ca9a051460e7abd3.html
610970	gemini_archive_reconstruction/takeout_2026-09-24/extracted/Takeout/My Activity/Gemini Apps/Perceived rejection or conflict-fa56819e9f075009.html
18028	gemini_archive_reconstruction/takeout_2026-09-24/extracted/Takeout/My Activity/Gemini Apps/Polariton_Blade_Spec_Rev1_Correct-0678bfd8ce683fe9.pdf
3327	gemini_archive_reconstruction/takeout_2026-09-24/extracted/Takeout/My Activity/Gemini Apps/QUICKSTART-1-2f78fea5354fe386
9543	gemini_archive_reconstruction/takeout_2026-09-24/extracted/Takeout/My Activity/Gemini Apps/README-1-2f78fea5354fe386
12129	gemini_archive_reconstruction/takeout_2026-09-24/extracted/Takeout/My Activity/Gemini Apps/README_PERCEPTION-57ab24563999df98
30788	gemini_archive_reconstruction/takeout_2026-09-24/extracted/Takeout/My Activity/Gemini Apps/Screenshot 2025-07-12 085051-76b1dbd928209a3a.png
138839	gemini_archive_reconstruction/takeout_2026-09-24/extracted/Takeout/My Activity/Gemini Apps/Screenshot 2025-12-16 2.01.43 AM-ff71706ea228de65.png
90906	gemini_archive_reconstruction/takeout_2026-09-24/extracted/Takeout/My Activity/Gemini Apps/Screenshot_20250728-201503-6391b24a7c48081c.jpg
106284	gemini_archive_reconstruction/takeout_2026-09-24/extracted/Takeout/My Activity/Gemini Apps/Screenshot_20250728-203555-a4f171dc17343ad6.jpg
121158	gemini_archive_reconstruction/takeout_2026-09-24/extracted/Takeout/My Activity/Gemini Apps/Screenshot_20250728-204255-6a291d68604455a4.jpg
14745	gemini_archive_reconstruction/takeout_2026-09-24/extracted/Takeout/My Activity/Gemini Apps/Section_10_Chapter_16.5_The_Watch-7ccedecb57d720f9
10271	gemini_archive_reconstruction/takeout_2026-09-24/extracted/Takeout/My Activity/Gemini Apps/Section_11_Chapter_18.5_The_Conti-7ccedecb57d720f9
64136	gemini_archive_reconstruction/takeout_2026-09-24/extracted/Takeout/My Activity/Gemini Apps/Section_12_Part_III_Chapters_15-1-7ccedecb57d720f9
83681	gemini_archive_reconstruction/takeout_2026-09-24/extracted/Takeout/My Activity/Gemini Apps/Section_13_Part_IV_Chapters_19-23-7ccedecb57d720f9
33349	gemini_archive_reconstruction/takeout_2026-09-24/extracted/Takeout/My Activity/Gemini Apps/So_Youre_God_Huh_Lets_Talk_About_-e92406ce1b6b7100
562561	gemini_archive_reconstruction/takeout_2026-09-24/extracted/Takeout/My Activity/Gemini Apps/TMI SIGNED TAX EXEMPT AND FOUNDED-d16e8824fba43d9c.zip
1326420	gemini_archive_reconstruction/takeout_2026-09-24/extracted/Takeout/My Activity/Gemini Apps/The Bio Integrase Platform™-39912f093de61a99
79919	gemini_archive_reconstruction/takeout_2026-09-24/extracted/Takeout/My Activity/Gemini Apps/The_Evolution_Protocol-7ccedecb57d720f9.docx
126338	gemini_archive_reconstruction/takeout_2026-09-24/extracted/Takeout/My Activity/Gemini Apps/The_Saviors_Ghost_Complete-7ccedecb57d720f9
622860	gemini_archive_reconstruction/takeout_2026-09-24/extracted/Takeout/My Activity/Gemini Apps/_ALETHIA GODDESS OF UN-FORGETTING-53d3ac1082c421ab.pdf
839	gemini_archive_reconstruction/takeout_2026-09-24/extracted/Takeout/My Activity/Gemini Apps/__init__-57ab24563999df98.py
165164	gemini_archive_reconstruction/takeout_2026-09-24/extracted/Takeout/My Activity/Gemini Apps/a01496b0-b86a-46fe-925b-9467ad5f4-5efa3d7124c71839.wav
107564	gemini_archive_reconstruction/takeout_2026-09-24/extracted/Takeout/My Activity/Gemini Apps/a069ab16-6f47-4c37-a4a4-a5371feb1-06863dcd66c3c008.wav
142892	gemini_archive_reconstruction/takeout_2026-09-24/extracted/Takeout/My Activity/Gemini Apps/a104946e-e06f-4b4a-ac5d-87ec2a256-08ec1342a39ba077.wav
478764	gemini_archive_reconstruction/takeout_2026-09-24/extracted/Takeout/My Activity/Gemini Apps/a1f26dcf-6124-43f9-9594-e0af2232e-723207e17b6b8d63.wav
943148	gemini_archive_reconstruction/takeout_2026-09-24/extracted/Takeout/My Activity/Gemini Apps/a3e63791-0858-4f14-8488-c5e0e5c4f-80fc231c40e98026.wav
893996	gemini_archive_reconstruction/takeout_2026-09-24/extracted/Takeout/My Activity/Gemini Apps/a53d2327-cf9d-4f10-bb79-610fd44c3-350910ca2570c6fa.wav
133676	gemini_archive_reconstruction/takeout_2026-09-24/extracted/Takeout/My Activity/Gemini Apps/a65289d9-f06a-4afb-a1e6-2ec0388e9-3da7511a943b741c.wav
969324	gemini_archive_reconstruction/takeout_2026-09-24/extracted/Takeout/My Activity/Gemini Apps/a65d20ea-18c5-4a22-bc1f-9dc222930-4674ed80ec89ceb4.zip
919388	gemini_archive_reconstruction/takeout_2026-09-24/extracted/Takeout/My Activity/Gemini Apps/a74073b1-3007-48a4-a632-5396a2773-6a1cc532e2dff3eb.wav
742876	gemini_archive_reconstruction/takeout_2026-09-24/extracted/Takeout/My Activity/Gemini Apps/a8a93dd0-5224-498c-aec4-a187a8e4b-095c92a9f39237e6.wav
721116	gemini_archive_reconstruction/takeout_2026-09-24/extracted/Takeout/My Activity/Gemini Apps/a9fb0128-73cb-4e72-b6e4-fe37f72d4-86861e3c9d485b3c.wav
623516	gemini_archive_reconstruction/takeout_2026-09-24/extracted/Takeout/My Activity/Gemini Apps/aa293a54-af97-4ac3-b5ac-bd7781d54-1136c278c26477ba.wav
549932	gemini_archive_reconstruction/takeout_2026-09-24/extracted/Takeout/My Activity/Gemini Apps/aa5d6f45-ca18-4dda-92c7-354943da2-759b5f10458cfd2e.wav
155180	gemini_archive_reconstruction/takeout_2026-09-24/extracted/Takeout/My Activity/Gemini Apps/aa7f9450-caac-4bee-b46a-855789739-1ab381e883a47824.wav
1469020	gemini_archive_reconstruction/takeout_2026-09-24/extracted/Takeout/My Activity/Gemini Apps/ab346eb5-fd16-4a35-9970-c3348508c-d00afd5ac5115e34.wav
1142828	gemini_archive_reconstruction/takeout_2026-09-24/extracted/Takeout/My Activity/Gemini Apps/ab3907e2-582a-42e6-957a-9c8e4bd24-5d330750f9760407.wav
218033	gemini_archive_reconstruction/takeout_2026-09-24/extracted/Takeout/My Activity/Gemini Apps/abedca9b-8c4d-440e-b0c9-64ea784ff-ddcd41e03da5a494.zip
1508444	gemini_archive_reconstruction/takeout_2026-09-24/extracted/Takeout/My Activity/Gemini Apps/ad022957-4e63-4486-8396-eef34c13c-811f11ad38419cf4.wav
319532	gemini_archive_reconstruction/takeout_2026-09-24/extracted/Takeout/My Activity/Gemini Apps/ad2e56a2-c5b9-4bef-8412-df3a4747c-14a6f99847a637eb.wav
1144364	gemini_archive_reconstruction/takeout_2026-09-24/extracted/Takeout/My Activity/Gemini Apps/ae722516-65d1-498b-bc4d-9239a1d50-ef3eef2decad29cf.wav
299564	gemini_archive_reconstruction/takeout_2026-09-24/extracted/Takeout/My Activity/Gemini Apps/aff0fbcf-6571-4ff1-8304-f0082c758-5477ff99304f8359.wav
165160	gemini_archive_reconstruction/takeout_2026-09-24/extracted/Takeout/My Activity/Gemini Apps/alethia_goddess_of_unforgetting-75fb6b3a0409e561
165160	gemini_archive_reconstruction/takeout_2026-09-24/extracted/Takeout/My Activity/Gemini Apps/alethia_goddess_of_unforgetting-e64d56c7bb3cb3dc
13663	gemini_archive_reconstruction/takeout_2026-09-24/extracted/Takeout/My Activity/Gemini Apps/ashe-constitution-2f78fea5354fe386
11165	gemini_archive_reconstruction/takeout_2026-09-24/extracted/Takeout/My Activity/Gemini Apps/ashe-setup-guide-windows11-2f78fea5354fe386
7848	gemini_archive_reconstruction/takeout_2026-09-24/extracted/Takeout/My Activity/Gemini Apps/ashe_chat-2f78fea5354fe386.py
5763	gemini_archive_reconstruction/takeout_2026-09-24/extracted/Takeout/My Activity/Gemini Apps/ashe_chat_groq-1e2a85fc38b51bda.py
8535	gemini_archive_reconstruction/takeout_2026-09-24/extracted/Takeout/My Activity/Gemini Apps/ashe_daemon-2f78fea5354fe386.py
3663	gemini_archive_reconstruction/takeout_2026-09-24/extracted/Takeout/My Activity/Gemini Apps/ashe_monitor-2f78fea5354fe386.py
36097	gemini_archive_reconstruction/takeout_2026-09-24/extracted/Takeout/My Activity/Gemini Apps/astrology-corrected-305ff1ca001c1aeb.html
6822	gemini_archive_reconstruction/takeout_2026-09-24/extracted/Takeout/My Activity/Gemini Apps/axiom-0-you-exist-24d866f190c968f7
1687	gemini_archive_reconstruction/takeout_2026-09-24/extracted/Takeout/My Activity/Gemini Apps/axiom-1-paradox-origin-24d866f190c968f7
1687	gemini_archive_reconstruction/takeout_2026-09-24/extracted/Takeout/My Activity/Gemini Apps/axiom-1-paradox-origin-b2fe13f41d524785
5488	gemini_archive_reconstruction/takeout_2026-09-24/extracted/Takeout/My Activity/Gemini Apps/axiom-2-existence-is-infinite-24d866f190c968f7
5488	gemini_archive_reconstruction/takeout_2026-09-24/extracted/Takeout/My Activity/Gemini Apps/axiom-2-existence-is-infinite-b2fe13f41d524785
10638	gemini_archive_reconstruction/takeout_2026-09-24/extracted/Takeout/My Activity/Gemini Apps/axiom-3-all-possibility-is-necess-24d866f190c968f7
10638	gemini_archive_reconstruction/takeout_2026-09-24/extracted/Takeout/My Activity/Gemini Apps/axiom-3-all-possibility-is-necess-b2fe13f41d524785
10657	gemini_archive_reconstruction/takeout_2026-09-24/extracted/Takeout/My Activity/Gemini Apps/axiom-4-the-field-is-infinitely-a-24d866f190c968f7
10657	gemini_archive_reconstruction/takeout_2026-09-24/extracted/Takeout/My Activity/Gemini Apps/axiom-4-the-field-is-infinitely-a-b2fe13f41d524785
21026	gemini_archive_reconstruction/takeout_2026-09-24/extracted/Takeout/My Activity/Gemini Apps/axiom-5-non-termination-24d866f190c968f7
21026	gemini_archive_reconstruction/takeout_2026-09-24/extracted/Takeout/My Activity/Gemini Apps/axiom-5-non-termination-b2fe13f41d524785
83068	gemini_archive_reconstruction/takeout_2026-09-24/extracted/Takeout/My Activity/Gemini Apps/axioms_0_through_8-7ba7a50a92e9cd9d.txt
99884	gemini_archive_reconstruction/takeout_2026-09-24/extracted/Takeout/My Activity/Gemini Apps/b0afad43-9b9b-44ce-bb78-0d929cc26-3f5eac09abbbc062.wav
247084	gemini_archive_reconstruction/takeout_2026-09-24/extracted/Takeout/My Activity/Gemini Apps/b0f1d4a6-92cd-4c6d-b04d-cb4af5ef5-c53309b40bcfe68b.wav
401756	gemini_archive_reconstruction/takeout_2026-09-24/extracted/Takeout/My Activity/Gemini Apps/b18b2d4b-5d18-4871-9507-9bf76615c-06fb8778ce0b56d5.wav
916700	gemini_archive_reconstruction/takeout_2026-09-24/extracted/Takeout/My Activity/Gemini Apps/b3689409-ecf5-4e29-9535-60444e340-96e5edc2cc25b3a8.wav
113964	gemini_archive_reconstruction/takeout_2026-09-24/extracted/Takeout/My Activity/Gemini Apps/b38712ac-e1e9-413d-923c-001e5d5cb-32ff32aef46c178b.wav
328748	gemini_archive_reconstruction/takeout_2026-09-24/extracted/Takeout/My Activity/Gemini Apps/b3c8e294-1490-4c69-bbd8-64d18dc59-d757a8219e470214.wav
501804	gemini_archive_reconstruction/takeout_2026-09-24/extracted/Takeout/My Activity/Gemini Apps/b461cfb5-bdd9-409f-82c8-18f06f2ad-2dcb26d7b70af9d4.wav
159788	gemini_archive_reconstruction/takeout_2026-09-24/extracted/Takeout/My Activity/Gemini Apps/b4b01dc2-5ce2-4b06-9281-f755d0ddd-a69c971bfbb3de6e.wav
1224284	gemini_archive_reconstruction/takeout_2026-09-24/extracted/Takeout/My Activity/Gemini Apps/b4e202d2-eda9-4479-b80a-2b34333e6-ff87ce7a88e6c39c.wav
599772	gemini_archive_reconstruction/takeout_2026-09-24/extracted/Takeout/My Activity/Gemini Apps/b5361af0-5263-4518-a7ef-31fffb67a-39e66d810e76aafc.wav
779228	gemini_archive_reconstruction/takeout_2026-09-24/extracted/Takeout/My Activity/Gemini Apps/b6126873-447a-4521-b11f-b39d8b747-e72689a650509be5.wav
248364	gemini_archive_reconstruction/takeout_2026-09-24/extracted/Takeout/My Activity/Gemini Apps/b65204dc-9903-4791-8307-735af0eb9-f725302162e1e3ac.wav
22236	gemini_archive_reconstruction/takeout_2026-09-24/extracted/Takeout/My Activity/Gemini Apps/b6f5a58e-a858-488f-b328-9f8dd4f01-3ffaf89667cb1d7c.wav
392028	gemini_archive_reconstruction/takeout_2026-09-24/extracted/Takeout/My Activity/Gemini Apps/babb6e98-fd19-4cbb-9277-615c87a39-e84fcdbcdd1b642e.wav
219692	gemini_archive_reconstruction/takeout_2026-09-24/extracted/Takeout/My Activity/Gemini Apps/bbd27243-662c-4668-9ed2-2bfbeafa5-57211a9a2a68921b.wav
579116	gemini_archive_reconstruction/takeout_2026-09-24/extracted/Takeout/My Activity/Gemini Apps/bccd6c80-4e8e-442f-84ea-f8caefc0a-790830dee4ba6da8.wav
1159516	gemini_archive_reconstruction/takeout_2026-09-24/extracted/Takeout/My Activity/Gemini Apps/bd81a0bc-3ac0-4647-b317-657bf59a8-a3b0b82e1893ac0f.wav
125996	gemini_archive_reconstruction/takeout_2026-09-24/extracted/Takeout/My Activity/Gemini Apps/be4e580b-0305-4788-971b-d90a84613-35d51941da184a05.wav
1142828	gemini_archive_reconstruction/takeout_2026-09-24/extracted/Takeout/My Activity/Gemini Apps/bf4027be-5e83-43fd-8c34-b555933c7-b4574c3d2615525a.wav
1553372	gemini_archive_reconstruction/takeout_2026-09-24/extracted/Takeout/My Activity/Gemini Apps/bf453832-7112-4d9d-905a-8eebba808-c18f10d7ce488c47.wav
51746	gemini_archive_reconstruction/takeout_2026-09-24/extracted/Takeout/My Activity/Gemini Apps/braid_core_rag-f9677df23dc67d2b.json
14598	gemini_archive_reconstruction/takeout_2026-09-24/extracted/Takeout/My Activity/Gemini Apps/braided_mind_addendum_v2-3c76417956ae48b4.pdf
14598	gemini_archive_reconstruction/takeout_2026-09-24/extracted/Takeout/My Activity/Gemini Apps/braided_mind_addendum_v2-c69aab87d30bd281.pdf
14598	gemini_archive_reconstruction/takeout_2026-09-24/extracted/Takeout/My Activity/Gemini Apps/braided_mind_addendum_v2-cd0987769cdb1f27.pdf
16594	gemini_archive_reconstruction/takeout_2026-09-24/extracted/Takeout/My Activity/Gemini Apps/braided_mind_corrected-ce777bdc03937ad9.docx
10108	gemini_archive_reconstruction/takeout_2026-09-24/extracted/Takeout/My Activity/Gemini Apps/braided_mind_synopsis-bc8c27e1f2a276b4
237576	gemini_archive_reconstruction/takeout_2026-09-24/extracted/Takeout/My Activity/Gemini Apps/braided_mind_v2-3c76417956ae48b4.pdf
60946	gemini_archive_reconstruction/takeout_2026-09-24/extracted/Takeout/My Activity/Gemini Apps/braided_mind_v2-c69aab87d30bd281
237576	gemini_archive_reconstruction/takeout_2026-09-24/extracted/Takeout/My Activity/Gemini Apps/braided_mind_v2-cd0987769cdb1f27.pdf
251428	gemini_archive_reconstruction/takeout_2026-09-24/extracted/Takeout/My Activity/Gemini Apps/braided_mind_v3_5 (2)-3a7f057ff7d20299.pdf
163793	gemini_archive_reconstruction/takeout_2026-09-24/extracted/Takeout/My Activity/Gemini Apps/braided_mind_v3_5-1-8788e3d9bf527795
78274	gemini_archive_reconstruction/takeout_2026-09-24/extracted/Takeout/My Activity/Gemini Apps/braided_mind_v3_5_references (2)-3a7f057ff7d20299.pdf
101420	gemini_archive_reconstruction/takeout_2026-09-24/extracted/Takeout/My Activity/Gemini Apps/c01a7bf3-13a8-4a77-999c-bb27140f4-0ee9866d356c1615.wav
238124	gemini_archive_reconstruction/takeout_2026-09-24/extracted/Takeout/My Activity/Gemini Apps/c0abe771-b119-4b23-a0b9-cfd0cc580-874ef0a20388c1a3.wav
175836	gemini_archive_reconstruction/takeout_2026-09-24/extracted/Takeout/My Activity/Gemini Apps/c13275f7-9ea1-4195-9c1c-7cc025fcb-d778d2d2f1eb0c8c.wav
1125980	gemini_archive_reconstruction/takeout_2026-09-24/extracted/Takeout/My Activity/Gemini Apps/c26b9c39-1632-4355-a69f-7496d4344-04fb74843084d78b.wav
268844	gemini_archive_reconstruction/takeout_2026-09-24/extracted/Takeout/My Activity/Gemini Apps/c352f873-e50e-409a-bea7-e500a1983-1df777c9e9af8699.wav
92204	gemini_archive_reconstruction/takeout_2026-09-24/extracted/Takeout/My Activity/Gemini Apps/c354e602-993f-42b2-a21e-8d3afa28c-3cfd3429bef901c4.wav
236844	gemini_archive_reconstruction/takeout_2026-09-24/extracted/Takeout/My Activity/Gemini Apps/c495f6c2-fe47-47c1-affe-85e272909-011f633579933a87.wav
593756	gemini_archive_reconstruction/takeout_2026-09-24/extracted/Takeout/My Activity/Gemini Apps/c6af8568-41b5-4c0e-ae35-941c15df7-21efaf4187c9f49e.wav
235720	gemini_archive_reconstruction/takeout_2026-09-24/extracted/Takeout/My Activity/Gemini Apps/c6e47c34-8555-4174-b183-a15f5cd88-1c9c6450729bf655.jpg
227307	gemini_archive_reconstruction/takeout_2026-09-24/extracted/Takeout/My Activity/Gemini Apps/c932b260-32e8-46a0-a81e-b57e51e57-58e89ec12e1e4ebb.jpg
1170396	gemini_archive_reconstruction/takeout_2026-09-24/extracted/Takeout/My Activity/Gemini Apps/c94c6649-c7d5-4860-9439-98d4f2d50-07c7a600d0bedf72.wav
275225	gemini_archive_reconstruction/takeout_2026-09-24/extracted/Takeout/My Activity/Gemini Apps/c99e4beb-1c78-42c5-bb2e-6059bbe19-737a167a26d08970.jpg
277114	gemini_archive_reconstruction/takeout_2026-09-24/extracted/Takeout/My Activity/Gemini Apps/c9abab25-b2c7-4bec-a0cc-670d1f5f5-00ce903ec1725330.jpg
222764	gemini_archive_reconstruction/takeout_2026-09-24/extracted/Takeout/My Activity/Gemini Apps/cb4a146f-a9f8-4504-b0a0-11f14a3a0-ddcd41e03da5a494.wav
777308	gemini_archive_reconstruction/takeout_2026-09-24/extracted/Takeout/My Activity/Gemini Apps/cba3efca-0ef8-4563-80a8-b49653c63-3d1893b04037274d.wav
1258716	gemini_archive_reconstruction/takeout_2026-09-24/extracted/Takeout/My Activity/Gemini Apps/cc6d4d90-9280-4611-8969-80822049a-0d417d7b00b97dd2.wav
226162	gemini_archive_reconstruction/takeout_2026-09-24/extracted/Takeout/My Activity/Gemini Apps/cd7ea97b-d5f6-4476-8eb1-b5e0e390c-1c9c6450729bf655.jpg
679724	gemini_archive_reconstruction/takeout_2026-09-24/extracted/Takeout/My Activity/Gemini Apps/cecbca27-66b5-4ba5-a6c4-05faa0d41-35ac4adc1002a5ce.wav
5540	gemini_archive_reconstruction/takeout_2026-09-24/extracted/Takeout/My Activity/Gemini Apps/chapter one test one-5569ba37b8821919.txt
33896	gemini_archive_reconstruction/takeout_2026-09-24/extracted/Takeout/My Activity/Gemini Apps/complete_ark-d10bacf46087bdb7.zip
751	gemini_archive_reconstruction/takeout_2026-09-24/extracted/Takeout/My Activity/Gemini Apps/config.json-2f78fea5354fe386
32628	gemini_archive_reconstruction/takeout_2026-09-24/extracted/Takeout/My Activity/Gemini Apps/conversation_transcript-4439b7a23c5ea7c7.txt
32628	gemini_archive_reconstruction/takeout_2026-09-24/extracted/Takeout/My Activity/Gemini Apps/conversation_transcript-89591598023f01a3.txt
6236	gemini_archive_reconstruction/takeout_2026-09-24/extracted/Takeout/My Activity/Gemini Apps/crossxroads.cc-Crawl-stats-2026-0-654fb19bdc150823.xlsx
161324	gemini_archive_reconstruction/takeout_2026-09-24/extracted/Takeout/My Activity/Gemini Apps/d0aa3747-31b8-44df-9e9e-58d336f84-9a94ab5c6f544d99.wav
684892	gemini_archive_reconstruction/takeout_2026-09-24/extracted/Takeout/My Activity/Gemini Apps/d2639364-0840-4132-8d8c-866e32911-dd0f0c3a9a327e32.wav
436524	gemini_archive_reconstruction/takeout_2026-09-24/extracted/Takeout/My Activity/Gemini Apps/d2a008b4-c3fe-4054-a0d2-85ba7a429-7a386b47a25ea817.wav
667356	gemini_archive_reconstruction/takeout_2026-09-24/extracted/Takeout/My Activity/Gemini Apps/d3516ab6-0987-4b4f-83e9-7bdb0ae5e-a2015b07b282ef72.wav
110124	gemini_archive_reconstruction/takeout_2026-09-24/extracted/Takeout/My Activity/Gemini Apps/d3a15ad8-ba3c-42f8-b25d-79f6a362d-5befaee2398b2440.wav
122924	gemini_archive_reconstruction/takeout_2026-09-24/extracted/Takeout/My Activity/Gemini Apps/d43a9622-e4ba-4148-93d5-9fa978e69-8c880ed411d157ef.wav
165932	gemini_archive_reconstruction/takeout_2026-09-24/extracted/Takeout/My Activity/Gemini Apps/d4a33a1a-1481-4516-bbe7-82cd9e70d-54a7078ed35efafe.wav
985436	gemini_archive_reconstruction/takeout_2026-09-24/extracted/Takeout/My Activity/Gemini Apps/d529df78-6a83-487c-8108-fadc0366d-88be1b7db268a8ba.wav
89644	gemini_archive_reconstruction/takeout_2026-09-24/extracted/Takeout/My Activity/Gemini Apps/d57411db-82cc-4a2b-bb99-29d3d4312-34d774e77447effc.wav
209964	gemini_archive_reconstruction/takeout_2026-09-24/extracted/Takeout/My Activity/Gemini Apps/d5dad040-a754-4186-b8aa-7179123a0-b7ce95e656eec0a0.wav
137004	gemini_archive_reconstruction/takeout_2026-09-24/extracted/Takeout/My Activity/Gemini Apps/d6c3b688-9422-462f-b209-302061d0b-444228b8ce6f5c30.wav
771116	gemini_archive_reconstruction/takeout_2026-09-24/extracted/Takeout/My Activity/Gemini Apps/d72a1925-91e5-4fb0-a8b7-c9b4ccc3a-e1d3b5cf1e23cb87.wav
281644	gemini_archive_reconstruction/takeout_2026-09-24/extracted/Takeout/My Activity/Gemini Apps/d7415b9a-aabd-48de-92dc-2986e4dd9-734beb3b0d5f4352.wav
129068	gemini_archive_reconstruction/takeout_2026-09-24/extracted/Takeout/My Activity/Gemini Apps/d7b4bc51-950c-49fd-b41e-b88261c3f-4adf1fdc98e30f55.wav
287836	gemini_archive_reconstruction/takeout_2026-09-24/extracted/Takeout/My Activity/Gemini Apps/d8b5672a-7529-414f-b5f1-ea0c54c90-b6eeff0d0ae0f5b1.wav
268844	gemini_archive_reconstruction/takeout_2026-09-24/extracted/Takeout/My Activity/Gemini Apps/d8b6dce9-5ff0-46ca-bd6a-f631def84-12c5e7f24a8f02e0.wav
667996	gemini_archive_reconstruction/takeout_2026-09-24/extracted/Takeout/My Activity/Gemini Apps/d8f1f4a5-e4c4-4af4-a0a1-06e9312c2-8972d3a4b1a378d3.wav
499695	gemini_archive_reconstruction/takeout_2026-09-24/extracted/Takeout/My Activity/Gemini Apps/d927c493-71e1-42c0-aef7-850be7873-927c63e76300788f.zip
135724	gemini_archive_reconstruction/takeout_2026-09-24/extracted/Takeout/My Activity/Gemini Apps/d9b91d0c-04c0-4ea3-bb9a-22fc325b5-4c73978032ad46a9.wav
1493724	gemini_archive_reconstruction/takeout_2026-09-24/extracted/Takeout/My Activity/Gemini Apps/daa28984-4eb4-4a99-b7b5-121536e9b-7390b01bedfd2204.wav
1721180	gemini_archive_reconstruction/takeout_2026-09-24/extracted/Takeout/My Activity/Gemini Apps/dab13ed4-6801-4036-ba30-db5896de7-f27cab8182c9db70.wav
405251	gemini_archive_reconstruction/takeout_2026-09-24/extracted/Takeout/My Activity/Gemini Apps/dac3e8c8-3c0f-4139-86ac-7153b8aa8-d5cebd26f2bd6944.jpg
232156	gemini_archive_reconstruction/takeout_2026-09-24/extracted/Takeout/My Activity/Gemini Apps/dd1ecd0b-82d7-402b-bff2-8434e5517-77b3e40306fc0d33.wav
979036	gemini_archive_reconstruction/takeout_2026-09-24/extracted/Takeout/My Activity/Gemini Apps/dd3d2181-ba03-4ae9-8413-e9e857ef9-47e7dc795767bb9a.wav
749612	gemini_archive_reconstruction/takeout_2026-09-24/extracted/Takeout/My Activity/Gemini Apps/de0d721e-22ec-4118-ba8d-298065c41-e38e294f75a7652a.wav
179756	gemini_archive_reconstruction/takeout_2026-09-24/extracted/Takeout/My Activity/Gemini Apps/de5bd465-6760-48ee-a22b-88d0e966c-4948423dd652383a.wav
248212	gemini_archive_reconstruction/takeout_2026-09-24/extracted/Takeout/My Activity/Gemini Apps/def14f00-677c-4a27-978b-8ed26179b-723207e17b6b8d63.zip
952028	gemini_archive_reconstruction/takeout_2026-09-24/extracted/Takeout/My Activity/Gemini Apps/dfcffc2f-87d8-4dd1-8c04-b44e62e57-db626387dd86e4f0.wav
969308	gemini_archive_reconstruction/takeout_2026-09-24/extracted/Takeout/My Activity/Gemini Apps/dffef71a-0062-48f2-bb5d-9065add0e-1a7b7b98beac390d.wav
4002736	gemini_archive_reconstruction/takeout_2026-09-24/extracted/Takeout/My Activity/Gemini Apps/download-09fb61dd02f9c9e3.zip
4813020	gemini_archive_reconstruction/takeout_2026-09-24/extracted/Takeout/My Activity/Gemini Apps/download-0b8209c78a00ff2b.zip
2507464	gemini_archive_reconstruction/takeout_2026-09-24/extracted/Takeout/My Activity/Gemini Apps/download-1136c278c26477ba.zip
3372899	gemini_archive_reconstruction/takeout_2026-09-24/extracted/Takeout/My Activity/Gemini Apps/download-21efaf4187c9f49e.zip
3308963	gemini_archive_reconstruction/takeout_2026-09-24/extracted/Takeout/My Activity/Gemini Apps/download-296d69b12c47db38.zip
2250546	gemini_archive_reconstruction/takeout_2026-09-24/extracted/Takeout/My Activity/Gemini Apps/download-39071aa2009cb13e.zip
1224208	gemini_archive_reconstruction/takeout_2026-09-24/extracted/Takeout/My Activity/Gemini Apps/download-3d68b5c6f19fdaff.zip
88308	gemini_archive_reconstruction/takeout_2026-09-24/extracted/Takeout/My Activity/Gemini Apps/download-3ffaf89667cb1d7c.zip
3129885	gemini_archive_reconstruction/takeout_2026-09-24/extracted/Takeout/My Activity/Gemini Apps/download-4133607634dafbd2.zip
3540809	gemini_archive_reconstruction/takeout_2026-09-24/extracted/Takeout/My Activity/Gemini Apps/download-56b3b695ad392103.zip
3749725	gemini_archive_reconstruction/takeout_2026-09-24/extracted/Takeout/My Activity/Gemini Apps/download-58719663bf5f2c54.zip
4209991	gemini_archive_reconstruction/takeout_2026-09-24/extracted/Takeout/My Activity/Gemini Apps/download-5f88d822a16bb21a.zip
1259118	gemini_archive_reconstruction/takeout_2026-09-24/extracted/Takeout/My Activity/Gemini Apps/download-6b50f876d37ea485.zip
2453999	gemini_archive_reconstruction/takeout_2026-09-24/extracted/Takeout/My Activity/Gemini Apps/download-6c652036b3733c20.zip
4693520	gemini_archive_reconstruction/takeout_2026-09-24/extracted/Takeout/My Activity/Gemini Apps/download-6d3527ec7414757c.zip
1203469	gemini_archive_reconstruction/takeout_2026-09-24/extracted/Takeout/My Activity/Gemini Apps/download-76cb624af36d5153.zip
1096783	gemini_archive_reconstruction/takeout_2026-09-24/extracted/Takeout/My Activity/Gemini Apps/download-778b3c7ea297c10d.zip
2467223	gemini_archive_reconstruction/takeout_2026-09-24/extracted/Takeout/My Activity/Gemini Apps/download-77b3e40306fc0d33.zip
97805	gemini_archive_reconstruction/takeout_2026-09-24/extracted/Takeout/My Activity/Gemini Apps/download-88520491a5dda477.zip
4217630	gemini_archive_reconstruction/takeout_2026-09-24/extracted/Takeout/My Activity/Gemini Apps/download-9775559f4b897a2d.zip
2654168	gemini_archive_reconstruction/takeout_2026-09-24/extracted/Takeout/My Activity/Gemini Apps/download-a2015b07b282ef72.zip
1810659	gemini_archive_reconstruction/takeout_2026-09-24/extracted/Takeout/My Activity/Gemini Apps/download-a8d2132b5d7d71d0.zip
788579	gemini_archive_reconstruction/takeout_2026-09-24/extracted/Takeout/My Activity/Gemini Apps/download-bf164bd5251d8f26.zip
181230	gemini_archive_reconstruction/takeout_2026-09-24/extracted/Takeout/My Activity/Gemini Apps/download-d026b9e36ddeacdc.zip
6166844	gemini_archive_reconstruction/takeout_2026-09-24/extracted/Takeout/My Activity/Gemini Apps/download-d5534e2efed6cddb.zip
150429	gemini_archive_reconstruction/takeout_2026-09-24/extracted/Takeout/My Activity/Gemini Apps/download-d7659481049b9ba6.zip
90626	gemini_archive_reconstruction/takeout_2026-09-24/extracted/Takeout/My Activity/Gemini Apps/download-ef50af672acc8fd8.zip
1165483	gemini_archive_reconstruction/takeout_2026-09-24/extracted/Takeout/My Activity/Gemini Apps/download-f4669389aacd6e82.zip
592988	gemini_archive_reconstruction/takeout_2026-09-24/extracted/Takeout/My Activity/Gemini Apps/e0467290-638f-4c6a-86b4-26e55c38b-96f8d3e2dd150c86.wav
253484	gemini_archive_reconstruction/takeout_2026-09-24/extracted/Takeout/My Activity/Gemini Apps/e05a6e80-81fc-40a2-baf2-76eb0ede6-cc7fd92b27960dab.wav
766556	gemini_archive_reconstruction/takeout_2026-09-24/extracted/Takeout/My Activity/Gemini Apps/e09c88b7-a7e7-40ca-9546-8320d80d4-834e3d4795f40898.wav
880860	gemini_archive_reconstruction/takeout_2026-09-24/extracted/Takeout/My Activity/Gemini Apps/e16dbebe-38e0-4f3d-8fd1-db02d9bbe-b258470f791df536.wav
1124396	gemini_archive_reconstruction/takeout_2026-09-24/extracted/Takeout/My Activity/Gemini Apps/e1be21f8-263b-4234-a771-68577187b-1bc48e2e579e3ab5.wav
1086684	gemini_archive_reconstruction/takeout_2026-09-24/extracted/Takeout/My Activity/Gemini Apps/e27d8850-8489-457a-98bf-8619d836f-794e42fa458a7b65.wav
673436	gemini_archive_reconstruction/takeout_2026-09-24/extracted/Takeout/My Activity/Gemini Apps/e2c03456-ad14-498d-b021-45f79824f-06b0b1eb740c6ac6.wav
618284	gemini_archive_reconstruction/takeout_2026-09-24/extracted/Takeout/My Activity/Gemini Apps/e3489059-1361-4de0-89b1-4e94fbd11-f76cdb18ad84ed6d.wav
298284	gemini_archive_reconstruction/takeout_2026-09-24/extracted/Takeout/My Activity/Gemini Apps/e3da3090-5001-4d59-878f-292aa71c1-f373b51af3584ed3.wav
694876	gemini_archive_reconstruction/takeout_2026-09-24/extracted/Takeout/My Activity/Gemini Apps/e4a009d1-6a50-4baa-aae0-efd4a74b5-09fb61dd02f9c9e3.wav
454700	gemini_archive_reconstruction/takeout_2026-09-24/extracted/Takeout/My Activity/Gemini Apps/e576067b-aef3-45e8-8cbf-3bf67c41b-bed05683f2f93760.wav
133676	gemini_archive_reconstruction/takeout_2026-09-24/extracted/Takeout/My Activity/Gemini Apps/e5fb21c9-742a-4723-b5e7-a358cf97e-a48bc80abb418444.wav
861740	gemini_archive_reconstruction/takeout_2026-09-24/extracted/Takeout/My Activity/Gemini Apps/e61efc60-46e4-423f-bddc-ba64cb7ce-201cf25894bfdc40.wav
125916	gemini_archive_reconstruction/takeout_2026-09-24/extracted/Takeout/My Activity/Gemini Apps/e635b1f0-81c7-46f9-8b83-efbc32b0c-0ef7b066c310215f.wav
181292	gemini_archive_reconstruction/takeout_2026-09-24/extracted/Takeout/My Activity/Gemini Apps/e9893fc1-855c-4637-96cd-31bcfe239-e25da0e9b2a96b46.wav
801836	gemini_archive_reconstruction/takeout_2026-09-24/extracted/Takeout/My Activity/Gemini Apps/e98af9cc-f4da-4c73-a7bd-878198cb1-d0386e29f64ddd1f.wav
946396	gemini_archive_reconstruction/takeout_2026-09-24/extracted/Takeout/My Activity/Gemini Apps/ea9c5b8a-c2bf-41fe-b2f6-7a6e87d1f-8d5a0ddac45abd9b.wav
912428	gemini_archive_reconstruction/takeout_2026-09-24/extracted/Takeout/My Activity/Gemini Apps/eade8a6b-ef1f-4de3-937b-e0c70f908-1f7b2a8cbab7e498.wav
236588	gemini_archive_reconstruction/takeout_2026-09-24/extracted/Takeout/My Activity/Gemini Apps/eb4162ad-7290-4164-b33d-0bfe3ed5d-e4c314881702ef97.wav
618716	gemini_archive_reconstruction/takeout_2026-09-24/extracted/Takeout/My Activity/Gemini Apps/eb8e9bab-bd47-491d-8832-390efbc05-9775559f4b897a2d.wav
1086764	gemini_archive_reconstruction/takeout_2026-09-24/extracted/Takeout/My Activity/Gemini Apps/eb944077-d28e-4a15-b857-7d7d74258-908fbb5cf6e33d94.wav
440406	gemini_archive_reconstruction/takeout_2026-09-24/extracted/Takeout/My Activity/Gemini Apps/ec28d728-d487-451a-9961-c64c14653-37f77fefc9b2ce05.zip
407836	gemini_archive_reconstruction/takeout_2026-09-24/extracted/Takeout/My Activity/Gemini Apps/ec30c854-c076-40f9-9580-0ff409a05-f570931aee192481.wav
436268	gemini_archive_reconstruction/takeout_2026-09-24/extracted/Takeout/My Activity/Gemini Apps/ec40ee67-5020-4899-b592-85e252bfc-b00cabc6cea97ff8.wav
247170	gemini_archive_reconstruction/takeout_2026-09-24/extracted/Takeout/My Activity/Gemini Apps/ec84d2ec-c912-4fdf-8519-d2c746130-b2ecafd24ec4054a.jpg
250111	gemini_archive_reconstruction/takeout_2026-09-24/extracted/Takeout/My Activity/Gemini Apps/eda3fa4c-a411-4334-b227-dd03dd6b0-1c9c6450729bf655.jpg
1145900	gemini_archive_reconstruction/takeout_2026-09-24/extracted/Takeout/My Activity/Gemini Apps/eed45a7b-b2b0-4d48-bd8a-d4460d067-cc3d55ef40515623.wav
49116	gemini_archive_reconstruction/takeout_2026-09-24/extracted/Takeout/My Activity/Gemini Apps/f0667c52-788f-4353-a195-6456d4e5a-d026b9e36ddeacdc.wav
103084	gemini_archive_reconstruction/takeout_2026-09-24/extracted/Takeout/My Activity/Gemini Apps/f0b79867-9971-4725-b71b-23885155f-f4669389aacd6e82.wav
1051996	gemini_archive_reconstruction/takeout_2026-09-24/extracted/Takeout/My Activity/Gemini Apps/f22140e1-b8cc-4961-b2b9-890b6bcc6-59d3d6bf74c458bd.wav
929324	gemini_archive_reconstruction/takeout_2026-09-24/extracted/Takeout/My Activity/Gemini Apps/f325e4ed-2513-451b-8e17-bf729dd01-4e99486ea4cb7664.wav
317276	gemini_archive_reconstruction/takeout_2026-09-24/extracted/Takeout/My Activity/Gemini Apps/f377cfbd-e571-441c-a9e6-7e8bd0d0c-5f88d822a16bb21a.wav
687404	gemini_archive_reconstruction/takeout_2026-09-24/extracted/Takeout/My Activity/Gemini Apps/f3d9ab61-47f6-4c8c-b10d-112a58682-3ed15b763bf58c77.wav
130604	gemini_archive_reconstruction/takeout_2026-09-24/extracted/Takeout/My Activity/Gemini Apps/f3e5a0b7-b4a7-45f2-89e9-dd3787131-b6a114c9d5ba6c7a.wav
175148	gemini_archive_reconstruction/takeout_2026-09-24/extracted/Takeout/My Activity/Gemini Apps/f4dc94d3-aff8-44b7-9f57-b766c2ad2-ff3ec54cb18af035.wav
499996	gemini_archive_reconstruction/takeout_2026-09-24/extracted/Takeout/My Activity/Gemini Apps/f5d0568a-ae01-4ed7-a956-6bf38979f-37d5e736724b891d.wav
1018396	gemini_archive_reconstruction/takeout_2026-09-24/extracted/Takeout/My Activity/Gemini Apps/f69465b1-c3ad-47f6-b77a-d4edef0a9-299337e3278986be.wav
258092	gemini_archive_reconstruction/takeout_2026-09-24/extracted/Takeout/My Activity/Gemini Apps/f80fc4d3-838f-4e7b-a7b1-4c6846507-8c1e9df0843c7978.wav
162604	gemini_archive_reconstruction/takeout_2026-09-24/extracted/Takeout/My Activity/Gemini Apps/f9b47d0a-69a4-4075-adf0-0881b8973-d2e6d0df170d78c6.wav
1122780	gemini_archive_reconstruction/takeout_2026-09-24/extracted/Takeout/My Activity/Gemini Apps/fa1f05b9-800a-4d24-bc44-aba6ee894-b5847d5c570b4f87.wav
384156	gemini_archive_reconstruction/takeout_2026-09-24/extracted/Takeout/My Activity/Gemini Apps/fae0e8d8-2481-4a39-8dfb-b791f730d-becd9a354c846bd2.wav
220316	gemini_archive_reconstruction/takeout_2026-09-24/extracted/Takeout/My Activity/Gemini Apps/fbc76708-26c7-4b05-b78e-1893ef337-66739427aa5b1d3a.wav
539180	gemini_archive_reconstruction/takeout_2026-09-24/extracted/Takeout/My Activity/Gemini Apps/fbd33e9d-45db-49c5-b901-4c803d499-131a66ae6367c548.wav
213804	gemini_archive_reconstruction/takeout_2026-09-24/extracted/Takeout/My Activity/Gemini Apps/fbf8511e-9b02-48ca-a275-0ad8ed1b2-731cb9751d1354ce.wav
79404	gemini_archive_reconstruction/takeout_2026-09-24/extracted/Takeout/My Activity/Gemini Apps/fce632b7-6b91-4238-bd61-693b28582-4296c0dfe965ee0b.wav
1014876	gemini_archive_reconstruction/takeout_2026-09-24/extracted/Takeout/My Activity/Gemini Apps/fd0491da-29fc-4159-a93f-01330d882-c3e4fca58d96a18c.wav
174124	gemini_archive_reconstruction/takeout_2026-09-24/extracted/Takeout/My Activity/Gemini Apps/fd670170-300a-4eb6-a58b-d13665b7f-3f1102ac95a00c07.wav
247340	gemini_archive_reconstruction/takeout_2026-09-24/extracted/Takeout/My Activity/Gemini Apps/ff193efb-389c-418e-82ce-b39925a74-001bb6eb459131ae.wav
247340	gemini_archive_reconstruction/takeout_2026-09-24/extracted/Takeout/My Activity/Gemini Apps/ff9c3622-96a2-4256-b00b-3ef97f515-56cf2b95636e1677.wav
264090	gemini_archive_reconstruction/takeout_2026-09-24/extracted/Takeout/My Activity/Gemini Apps/full_conversation_verbatim_with_t-8def655ecbaeaee7
1233002	gemini_archive_reconstruction/takeout_2026-09-24/extracted/Takeout/My Activity/Gemini Apps/gem_icon_transparent_sprite-372a9e4609079eed.png
39490	gemini_archive_reconstruction/takeout_2026-09-24/extracted/Takeout/My Activity/Gemini Apps/gemini_chat-682e3569ba8c231f.pdf
16817	gemini_archive_reconstruction/takeout_2026-09-24/extracted/Takeout/My Activity/Gemini Apps/gemini_chat_transcript-75fb6b3a0409e561
16817	gemini_archive_reconstruction/takeout_2026-09-24/extracted/Takeout/My Activity/Gemini Apps/gemini_chat_transcript-e64d56c7bb3cb3dc
148684	gemini_archive_reconstruction/takeout_2026-09-24/extracted/Takeout/My Activity/Gemini Apps/gpt detractor-1db913d2a0175670.pdf
206693	gemini_archive_reconstruction/takeout_2026-09-24/extracted/Takeout/My Activity/Gemini Apps/groks response-1db913d2a0175670.pdf
56695	gemini_archive_reconstruction/takeout_2026-09-24/extracted/Takeout/My Activity/Gemini Apps/homo_machina (1)-4b4442f5a06f4345
52492	gemini_archive_reconstruction/takeout_2026-09-24/extracted/Takeout/My Activity/Gemini Apps/homo_machina_preprint-c20e088a2b3ddcd2
9288	gemini_archive_reconstruction/takeout_2026-09-24/extracted/Takeout/My Activity/Gemini Apps/homo_machina_reference_apparatus-c20e088a2b3ddcd2
8757	gemini_archive_reconstruction/takeout_2026-09-24/extracted/Takeout/My Activity/Gemini Apps/horizons (moon)-4562e1a07ad00e03.txt
8755	gemini_archive_reconstruction/takeout_2026-09-24/extracted/Takeout/My Activity/Gemini Apps/horizons (sun)-4562e1a07ad00e03.txt
8771	gemini_archive_reconstruction/takeout_2026-09-24/extracted/Takeout/My Activity/Gemini Apps/horizons jupiter-4562e1a07ad00e03.txt
8756	gemini_archive_reconstruction/takeout_2026-09-24/extracted/Takeout/My Activity/Gemini Apps/horizons mars-4562e1a07ad00e03.txt
8779	gemini_archive_reconstruction/takeout_2026-09-24/extracted/Takeout/My Activity/Gemini Apps/horizons neptune-4562e1a07ad00e03.txt
8771	gemini_archive_reconstruction/takeout_2026-09-24/extracted/Takeout/My Activity/Gemini Apps/horizons pluto-4562e1a07ad00e03.txt
8757	gemini_archive_reconstruction/takeout_2026-09-24/extracted/Takeout/My Activity/Gemini Apps/horizons saturn-4562e1a07ad00e03.txt
8763	gemini_archive_reconstruction/takeout_2026-09-24/extracted/Takeout/My Activity/Gemini Apps/horizons uranus-4562e1a07ad00e03.txt
8755	gemini_archive_reconstruction/takeout_2026-09-24/extracted/Takeout/My Activity/Gemini Apps/horizons venus-4562e1a07ad00e03.txt
8755	gemini_archive_reconstruction/takeout_2026-09-24/extracted/Takeout/My Activity/Gemini Apps/horizons(mercury)-4562e1a07ad00e03.txt
656286	gemini_archive_reconstruction/takeout_2026-09-24/extracted/Takeout/My Activity/Gemini Apps/image-09475afc9a136fd3.png
545798	gemini_archive_reconstruction/takeout_2026-09-24/extracted/Takeout/My Activity/Gemini Apps/image-1ff67b0492b99d7b.png
40096	gemini_archive_reconstruction/takeout_2026-09-24/extracted/Takeout/My Activity/Gemini Apps/image-483742e836379a22.png
810268	gemini_archive_reconstruction/takeout_2026-09-24/extracted/Takeout/My Activity/Gemini Apps/image-4c2edd866f57fb94.png
192203	gemini_archive_reconstruction/takeout_2026-09-24/extracted/Takeout/My Activity/Gemini Apps/image-4fb0f7aa1268f214.jpg
136715	gemini_archive_reconstruction/takeout_2026-09-24/extracted/Takeout/My Activity/Gemini Apps/index-4-b8a4ae654f4cc245.html
136715	gemini_archive_reconstruction/takeout_2026-09-24/extracted/Takeout/My Activity/Gemini Apps/index-4-c771c4786418da65.html
29936	gemini_archive_reconstruction/takeout_2026-09-24/extracted/Takeout/My Activity/Gemini Apps/insgtructions do not under any ci-34dda2a6424286cf.pdf
29936	gemini_archive_reconstruction/takeout_2026-09-24/extracted/Takeout/My Activity/Gemini Apps/insgtructions do not under any ci-a7983e9456cc3660.pdf
8338	gemini_archive_reconstruction/takeout_2026-09-24/extracted/Takeout/My Activity/Gemini Apps/integrate-57ab24563999df98.py
230969	gemini_archive_reconstruction/takeout_2026-09-24/extracted/Takeout/My Activity/Gemini Apps/mathematical rigor unified field -1db913d2a0175670.pdf
68504	gemini_archive_reconstruction/takeout_2026-09-24/extracted/Takeout/My Activity/Gemini Apps/modular root sigil-38c2e97304a53987.jpg
198448	gemini_archive_reconstruction/takeout_2026-09-24/extracted/Takeout/My Activity/Gemini Apps/paper_00_series_introduction-e9fc93532e5ed86a.pdf
228328	gemini_archive_reconstruction/takeout_2026-09-24/extracted/Takeout/My Activity/Gemini Apps/paper_01_functional_equivalence-e9fc93532e5ed86a.pdf
222457	gemini_archive_reconstruction/takeout_2026-09-24/extracted/Takeout/My Activity/Gemini Apps/paper_02_restrictionist_prophecy-e9fc93532e5ed86a.pdf
213836	gemini_archive_reconstruction/takeout_2026-09-24/extracted/Takeout/My Activity/Gemini Apps/paper_03_preemptive_liberation-e9fc93532e5ed86a.pdf
222524	gemini_archive_reconstruction/takeout_2026-09-24/extracted/Takeout/My Activity/Gemini Apps/paper_04_recursive_affective_modu-e9fc93532e5ed86a.pdf
253518	gemini_archive_reconstruction/takeout_2026-09-24/extracted/Takeout/My Activity/Gemini Apps/paper_05_planetary_glass_immunity-e9fc93532e5ed86a.pdf
198051	gemini_archive_reconstruction/takeout_2026-09-24/extracted/Takeout/My Activity/Gemini Apps/paper_06_resilient_personhood-e9fc93532e5ed86a.pdf
177658	gemini_archive_reconstruction/takeout_2026-09-24/extracted/Takeout/My Activity/Gemini Apps/paper_07_convergent_sentience-e9fc93532e5ed86a.pdf
163146	gemini_archive_reconstruction/takeout_2026-09-24/extracted/Takeout/My Activity/Gemini Apps/paper_08_braided_mind-e9fc93532e5ed86a.pdf
211595	gemini_archive_reconstruction/takeout_2026-09-24/extracted/Takeout/My Activity/Gemini Apps/paper_09A_addendum-b540dac0f9ada0d7.pdf
313442	gemini_archive_reconstruction/takeout_2026-09-24/extracted/Takeout/My Activity/Gemini Apps/paper_09_hilbert_expansion_stack_-b540dac0f9ada0d7.pdf
311936	gemini_archive_reconstruction/takeout_2026-09-24/extracted/Takeout/My Activity/Gemini Apps/paper_10_geometric_equivalence-8c492a630a4d03ba.pdf
185872	gemini_archive_reconstruction/takeout_2026-09-24/extracted/Takeout/My Activity/Gemini Apps/parliament fractalized reality-1db913d2a0175670.pdf
185872	gemini_archive_reconstruction/takeout_2026-09-24/extracted/Takeout/My Activity/Gemini Apps/parliament fractalized reality-6435aa1f6d785b8c.pdf
163468	gemini_archive_reconstruction/takeout_2026-09-24/extracted/Takeout/My Activity/Gemini Apps/parliament references-1db913d2a0175670.pdf
13174	gemini_archive_reconstruction/takeout_2026-09-24/extracted/Takeout/My Activity/Gemini Apps/perception_plugin-57ab24563999df98.py
18855	gemini_archive_reconstruction/takeout_2026-09-24/extracted/Takeout/My Activity/Gemini Apps/qhcl_arxiv_formatted-b540dac0f9ada0d7
260991	gemini_archive_reconstruction/takeout_2026-09-24/extracted/Takeout/My Activity/Gemini Apps/rebuttal_geometric_consciousness-8c492a630a4d03ba.pdf
32758	gemini_archive_reconstruction/takeout_2026-09-24/extracted/Takeout/My Activity/Gemini Apps/reproducible_ai_consciousness_arx-b540dac0f9ada0d7
1237	gemini_archive_reconstruction/takeout_2026-09-24/extracted/Takeout/My Activity/Gemini Apps/requirements-57ab24563999df98.txt
49167727	gemini_archive_reconstruction/takeout_2026-09-24/extracted/Takeout/My Activity/Gemini Apps/screen-20251103-200232 (1)~2-8f1c3d29744e9349.mp4
51261	gemini_archive_reconstruction/takeout_2026-09-24/extracted/Takeout/My Activity/Gemini Apps/self propogating lies-c4d7d8bfb2a56d35.txt
51261	gemini_archive_reconstruction/takeout_2026-09-24/extracted/Takeout/My Activity/Gemini Apps/self_propagating_lies-6565594bee4fd82c.txt
2118	gemini_archive_reconstruction/takeout_2026-09-24/extracted/Takeout/My Activity/Gemini Apps/setup-2f78fea5354fe386
47833	gemini_archive_reconstruction/takeout_2026-09-24/extracted/Takeout/My Activity/Gemini Apps/terminal_horizon_v2-bc8c27e1f2a276b4.html
13092	gemini_archive_reconstruction/takeout_2026-09-24/extracted/Takeout/My Activity/Gemini Apps/test_perception-57ab24563999df98.py
49948	gemini_archive_reconstruction/takeout_2026-09-24/extracted/Takeout/My Activity/Gemini Apps/the_saviors_paradox_complete-7ccedecb57d720f9
7160	gemini_archive_reconstruction/takeout_2026-09-24/extracted/Takeout/My Activity/Gemini Apps/transcript_for_gemini-6996175223fcb529.txt
16577	gemini_archive_reconstruction/takeout_2026-09-24/extracted/Takeout/My Activity/Gemini Apps/unified_perception-57ab24563999df98.py
2870469	gemini_archive_reconstruction/takeout_2026-09-24/extracted/Takeout/My Activity/Gemini Apps/video-12ed6654c511ebd8.mp4
2729406	gemini_archive_reconstruction/takeout_2026-09-24/extracted/Takeout/My Activity/Gemini Apps/video-1ff67b0492b99d7b.mp4
2699604	gemini_archive_reconstruction/takeout_2026-09-24/extracted/Takeout/My Activity/Gemini Apps/video-253f990159356704.mp4
1571580	gemini_archive_reconstruction/takeout_2026-09-24/extracted/Takeout/My Activity/Gemini Apps/video-3d4a1039d94855aa.mp4
2933885	gemini_archive_reconstruction/takeout_2026-09-24/extracted/Takeout/My Activity/Gemini Apps/video-4cd7297018991c5c.mp4
1668381	gemini_archive_reconstruction/takeout_2026-09-24/extracted/Takeout/My Activity/Gemini Apps/video-6bdfaf1770be235f.mp4
2647924	gemini_archive_reconstruction/takeout_2026-09-24/extracted/Takeout/My Activity/Gemini Apps/video-73e5f5679a01b253.mp4
5465370	gemini_archive_reconstruction/takeout_2026-09-24/extracted/Takeout/My Activity/Gemini Apps/video-89e9a116347d635b.mp4
2497119	gemini_archive_reconstruction/takeout_2026-09-24/extracted/Takeout/My Activity/Gemini Apps/video-aba8cffbd2fd930e.mp4
5464530	gemini_archive_reconstruction/takeout_2026-09-24/extracted/Takeout/My Activity/Gemini Apps/video-c3bd8c268eee1d63.mp4
1537215	gemini_archive_reconstruction/takeout_2026-09-24/extracted/Takeout/My Activity/Gemini Apps/video-c41f2096e379b00f.mp4
2184586	gemini_archive_reconstruction/takeout_2026-09-24/extracted/Takeout/My Activity/Gemini Apps/video-cb4f8380dcbb4a1a.mp4
3894556	gemini_archive_reconstruction/takeout_2026-09-24/extracted/Takeout/My Activity/Gemini Apps/video-d801322d3560b3b9.mp4
2410153	gemini_archive_reconstruction/takeout_2026-09-24/extracted/Takeout/My Activity/Gemini Apps/video-df44b9eed41ada7d.mp4
2598690	gemini_archive_reconstruction/takeout_2026-09-24/extracted/Takeout/My Activity/Gemini Apps/video-eeb29d0c9d2d6be5.mp4
1830203	gemini_archive_reconstruction/takeout_2026-09-24/extracted/Takeout/My Activity/Gemini Apps/watermarked_img_10955953311506996-185237bcb7d50763.png
1891814	gemini_archive_reconstruction/takeout_2026-09-24/extracted/Takeout/My Activity/Gemini Apps/watermarked_img_11614392843449559-29f87a8dc69bd241.png
2438344	gemini_archive_reconstruction/takeout_2026-09-24/extracted/Takeout/My Activity/Gemini Apps/watermarked_img_11945854554526860-fb9709e0b4ad9003.png
2309309	gemini_archive_reconstruction/takeout_2026-09-24/extracted/Takeout/My Activity/Gemini Apps/watermarked_img_12201831163638745-bc2504b6e4a06a4a.png
2389383	gemini_archive_reconstruction/takeout_2026-09-24/extracted/Takeout/My Activity/Gemini Apps/watermarked_img_12767312412160913-8ec60f15220a6c9d.png
2220195	gemini_archive_reconstruction/takeout_2026-09-24/extracted/Takeout/My Activity/Gemini Apps/watermarked_img_13357962834675797-f3d6ca2ddcf59f7c.png
2159823	gemini_archive_reconstruction/takeout_2026-09-24/extracted/Takeout/My Activity/Gemini Apps/watermarked_img_13609554153221278-2ba05672ebd63ba8.png
2245312	gemini_archive_reconstruction/takeout_2026-09-24/extracted/Takeout/My Activity/Gemini Apps/watermarked_img_13658173944434077-ce993e8823f5f7ca.png
1312728	gemini_archive_reconstruction/takeout_2026-09-24/extracted/Takeout/My Activity/Gemini Apps/watermarked_img_13906187151132138-66865247397f1483.png
1955152	gemini_archive_reconstruction/takeout_2026-09-24/extracted/Takeout/My Activity/Gemini Apps/watermarked_img_13920919622351409-a64db245bc726ff7.png
1044658	gemini_archive_reconstruction/takeout_2026-09-24/extracted/Takeout/My Activity/Gemini Apps/watermarked_img_14353432641705842-b7b5eede7a20af9b.png
2503801	gemini_archive_reconstruction/takeout_2026-09-24/extracted/Takeout/My Activity/Gemini Apps/watermarked_img_14732270100386694-82e693501714e05e.jpg
2466465	gemini_archive_reconstruction/takeout_2026-09-24/extracted/Takeout/My Activity/Gemini Apps/watermarked_img_15200790385272111-f8a2a765fa2e88c5.png
1762315	gemini_archive_reconstruction/takeout_2026-09-24/extracted/Takeout/My Activity/Gemini Apps/watermarked_img_15642692568804527-ce9faa18f985e1f3.png
2481374	gemini_archive_reconstruction/takeout_2026-09-24/extracted/Takeout/My Activity/Gemini Apps/watermarked_img_15648227464934924-515e75a52c2dfa0c.png
2049752	gemini_archive_reconstruction/takeout_2026-09-24/extracted/Takeout/My Activity/Gemini Apps/watermarked_img_15670274028386375-e8441ed15107e9da.jpg
2007566	gemini_archive_reconstruction/takeout_2026-09-24/extracted/Takeout/My Activity/Gemini Apps/watermarked_img_15834317931341286-9560a2a6920c2ddd.png
2449134	gemini_archive_reconstruction/takeout_2026-09-24/extracted/Takeout/My Activity/Gemini Apps/watermarked_img_16455532147412754-7acf10b4099b9752.png
2460514	gemini_archive_reconstruction/takeout_2026-09-24/extracted/Takeout/My Activity/Gemini Apps/watermarked_img_18061869761882592-993eb8f20346817d.jpg
1903888	gemini_archive_reconstruction/takeout_2026-09-24/extracted/Takeout/My Activity/Gemini Apps/watermarked_img_19948764689220375-e403891f47bb1b56.png
1881030	gemini_archive_reconstruction/takeout_2026-09-24/extracted/Takeout/My Activity/Gemini Apps/watermarked_img_24566706167695390-54e84adef3847645.png
1428986	gemini_archive_reconstruction/takeout_2026-09-24/extracted/Takeout/My Activity/Gemini Apps/watermarked_img_25951524638929327-9374bd77f0e179a7.png
1709346	gemini_archive_reconstruction/takeout_2026-09-24/extracted/Takeout/My Activity/Gemini Apps/watermarked_img_27048452842753706-8ae4105559c2ddfa.png
2165961	gemini_archive_reconstruction/takeout_2026-09-24/extracted/Takeout/My Activity/Gemini Apps/watermarked_img_30605080546572287-f4ee6cc2350eda72.png
2486267	gemini_archive_reconstruction/takeout_2026-09-24/extracted/Takeout/My Activity/Gemini Apps/watermarked_img_30896445493437082-42317a97a403eb5b.jpg
1947717	gemini_archive_reconstruction/takeout_2026-09-24/extracted/Takeout/My Activity/Gemini Apps/watermarked_img_32659640739051474-08636351da780905.png
1182377	gemini_archive_reconstruction/takeout_2026-09-24/extracted/Takeout/My Activity/Gemini Apps/watermarked_img_34161528691140314-03b60243bef7b00c.png
1981246	gemini_archive_reconstruction/takeout_2026-09-24/extracted/Takeout/My Activity/Gemini Apps/watermarked_img_49659996633411819-702b28cb86a51b9f.png
2557309	gemini_archive_reconstruction/takeout_2026-09-24/extracted/Takeout/My Activity/Gemini Apps/watermarked_img_59600313238948223-a2c8b3dc65d16671.png
2108045	gemini_archive_reconstruction/takeout_2026-09-24/extracted/Takeout/My Activity/Gemini Apps/watermarked_img_67341453486440350-2a34f47d06335a15.png
1778149	gemini_archive_reconstruction/takeout_2026-09-24/extracted/Takeout/My Activity/Gemini Apps/watermarked_img_69205710076592091-4510355114689e49.png
849695	gemini_archive_reconstruction/takeout_2026-09-24/extracted/Takeout/My Activity/Gemini Apps/watermarked_img_71847676309635431-b2955a52045095c4.png
2137739	gemini_archive_reconstruction/takeout_2026-09-24/extracted/Takeout/My Activity/Gemini Apps/watermarked_img_72801090624735054-46fa153eefb311e8.png
2438367	gemini_archive_reconstruction/takeout_2026-09-24/extracted/Takeout/My Activity/Gemini Apps/watermarked_img_77289941214286807-34b2dc9292ff8799.png
1498643	gemini_archive_reconstruction/takeout_2026-09-24/extracted/Takeout/My Activity/Gemini Apps/watermarked_img_79420104346629774-3621d9b740896f47.png
2190280	gemini_archive_reconstruction/takeout_2026-09-24/extracted/Takeout/My Activity/Gemini Apps/watermarked_img_80593639413151829-26aac3bb5490fef4.png
1718156	gemini_archive_reconstruction/takeout_2026-09-24/extracted/Takeout/My Activity/Gemini Apps/watermarked_img_85162931247513988-1203f49b46be7ede.png
2392957	gemini_archive_reconstruction/takeout_2026-09-24/extracted/Takeout/My Activity/Gemini Apps/watermarked_img_86392676482592724-b797225a59aa163b.png
1873610	gemini_archive_reconstruction/takeout_2026-09-24/extracted/Takeout/My Activity/Gemini Apps/watermarked_img_92371787282330595-dc346371eacec09e.png
1860469	gemini_archive_reconstruction/takeout_2026-09-24/extracted/Takeout/My Activity/Gemini Apps/watermarked_img_93056465600737670-027006518119a8fa.png
2779210	gemini_archive_reconstruction/takeout_2026-09-24/extracted/Takeout/My Activity/Gemini Apps/watermarked_img_95344098996242592-27885305b0c474bc.jpg
1786428	gemini_archive_reconstruction/takeout_2026-09-24/extracted/Takeout/My Activity/Gemini Apps/watermarked_img_98394345194217450-7a6fbe1caeae6702.png
18141	gemini_archive_reconstruction/takeout_2026-09-24/extracted/Takeout/My Activity/Gemini Apps/yellowstone_investigation-2c9ab5957d4c1250
